O*NET-SOC Code,Reading Comprehension,Active Listening,Writing,Speaking,Mathematics,Science,Critical Thinking,Active Learning,Learning Strategies,Monitoring,Social Perceptiveness,Coordination,Persuasion,Negotiation,Instructing,Service Orientation,Complex Problem Solving,Operations Analysis,Technology Design,Equipment Selection,Installation,Programming,Operations Monitoring,Operation and Control,Equipment Maintenance,Troubleshooting,Repairing,Quality Control Analysis,Judgment and Decision Making,Systems Analysis,Systems Evaluation,Time Management,Management of Financial Resources,Management of Material Resources,Management of Personnel Resources,Change in Employment
11-2011,4.0,4.12,3.88,4.12,3.25,0.62,4.12,4.12,3.25,4.25,4.0,4.12,3.88,3.75,3.0,3.25,3.88,3.12,0.75,0.12,0.0,0.75,0.62,0.0,0.0,0.0,0.0,1.0,4.0,3.12,3.75,3.88,3.62,2.62,3.88,-4240.0
11-3051,4.0600000000000005,3.94,3.75,4.0,3.44,2.5,4.0,3.62,3.5,4.25,3.685,3.875,3.38,3.315,3.62,3.185,3.75,2.25,1.38,1.94,0.0,1.315,3.5,3.06,2.5,2.94,2.5,3.315,3.88,3.56,3.625,3.75,3.5,3.315,3.815,18590.0
11-3061,3.75,4.0,4.0,3.88,3.38,0.25,4.0,3.88,3.62,3.88,4.0,3.88,3.88,3.88,3.62,3.62,3.25,2.75,1.12,0.0,0.0,1.12,1.88,0.0,0.0,0.88,0.0,1.88,3.75,3.62,3.62,3.88,3.88,3.75,4.0,1260.0
11-3111,4.0,4.12,4.0,4.0,2.88,0.25,4.0,3.75,3.0,3.38,3.62,3.62,3.25,3.12,3.12,3.12,3.25,3.12,0.75,0.0,0.0,0.62,1.12,0.0,0.0,0.0,0.0,0.75,4.0,3.88,3.88,3.88,3.62,2.0,3.5,520.0
11-3131,4.0,4.0,4.0,4.75,3.0,0.88,4.0,4.25,5.25,4.25,4.0,4.0,3.88,3.25,4.75,3.62,4.0,2.88,0.75,0.0,0.0,0.75,1.12,0.0,0.0,0.25,0.0,2.12,4.0,3.88,4.0,4.0,3.88,3.0,4.12,8640.0
11-9013,3.75,3.67,3.59,3.75,2.83,2.88,3.87,3.42,3.13,3.71,3.38,3.63,3.37,3.37,3.21,2.91,3.25,2.42,1.04,1.96,0.08,0.71,3.0,2.75,2.21,2.21,1.88,2.87,3.59,3.21,3.25,3.58,3.21,3.25,3.5,760.0
11-9031,4.12,4.0,4.0,4.0,2.88,0.75,4.0,3.88,3.88,4.12,3.88,4.0,3.5,3.62,3.88,4.0,3.5,1.0,0.75,0.0,0.0,0.62,1.5,0.62,0.0,0.88,0.0,1.75,3.88,3.12,3.38,3.88,3.25,3.12,4.0,5210.0
11-9033,4.62,4.25,4.25,4.25,3.12,0.5,4.25,4.0,4.0,4.25,4.0,4.0,3.75,3.75,4.0,3.88,4.0,0.88,0.75,0.0,0.0,0.5,1.38,0.0,0.0,0.0,0.0,0.5,4.0,3.75,3.75,4.0,3.12,3.5,4.0,13810.0
11-9041,4.3149999999999995,3.81,4.0,3.75,3.685,2.875,4.1850000000000005,3.815,3.185,3.94,3.37,3.75,3.565,3.63,3.5,3.065,4.0649999999999995,2.25,1.685,1.06,0.19,1.25,2.81,1.435,0.75,1.81,0.625,3.06,4.0649999999999995,3.56,3.375,3.75,2.565,2.44,3.63,14930.0
11-9071,4.0,3.88,3.75,4.0,3.12,0.75,4.0,3.62,3.62,4.12,3.75,4.12,3.75,3.5,3.75,3.75,3.25,2.0,0.38,0.0,0.0,0.62,1.62,0.12,0.0,0.75,0.0,2.38,3.88,3.12,3.38,4.0,3.0,2.25,3.88,580.0
11-9081,3.88,4.0,4.0,4.0,2.88,0.0,3.88,3.88,3.62,3.75,3.88,3.75,4.0,4.0,3.75,4.12,3.25,1.0,1.0,0.75,0.0,0.88,2.12,2.0,0.75,1.5,0.75,2.38,3.75,3.0,3.5,3.88,3.5,3.62,4.0,6600.0
11-9121,4.25,4.0,4.0,4.0,3.75,3.25,4.0,4.0,3.38,3.75,3.75,4.0,3.5,3.12,3.25,3.0,4.12,2.62,1.62,0.12,0.0,1.5,2.12,1.5,0.0,1.12,0.0,2.0,3.88,3.88,3.88,3.88,2.62,2.75,3.5,14430.0
11-9131,3.88,3.38,3.75,4.0,2.5,0.5,3.88,3.12,3.25,3.62,3.5,3.5,3.5,3.25,3.25,3.12,3.12,2.12,1.12,0.0,0.0,0.88,2.25,1.25,0.0,1.5,0.0,1.88,3.12,3.0,3.0,3.88,2.75,2.75,3.5,-4080.0
11-9161,4.25,4.0,4.25,4.25,3.12,1.62,4.38,4.38,3.88,4.38,3.88,4.88,3.88,3.5,3.75,5.0,5.25,3.25,0.62,0.0,0.0,0.62,1.88,1.62,0.0,1.0,0.0,2.62,4.25,4.12,4.0,3.88,2.75,2.88,3.62,290.0
13-1011,4.0,4.0,3.88,4.0,2.0,0.62,3.75,3.5,2.75,3.0,3.5,3.75,4.12,4.0,2.88,3.38,3.38,1.25,0.38,0.0,0.0,0.5,0.25,0.25,0.0,0.0,0.0,0.0,3.75,2.5,2.5,3.38,1.62,0.75,3.12,5200.0
13-1032,3.62,3.88,3.25,3.75,2.75,0.25,3.75,3.0,1.5,2.88,3.0,2.88,2.88,2.88,2.0,3.0,2.88,1.38,0.5,0.62,0.0,0.5,2.25,2.0,0.75,1.5,0.88,2.25,3.12,2.12,2.38,3.0,1.62,0.88,2.12,60.0
13-1051,4.12,4.12,3.75,3.75,4.25,0.62,4.25,3.88,3.0,3.62,3.0,3.25,3.75,3.38,2.88,2.75,3.62,2.38,0.88,0.0,0.0,1.62,1.38,0.12,0.0,0.0,0.0,0.62,3.75,3.62,3.25,3.0,3.88,3.25,2.5,870.0
13-1074,2.88,3.12,2.75,3.38,2.12,0.38,3.25,2.38,2.12,2.62,3.0,3.38,2.88,3.0,2.88,2.62,2.75,0.5,0.0,0.25,0.0,0.5,2.38,2.38,0.0,1.12,0.0,1.38,2.75,2.0,1.62,3.38,1.88,1.62,3.38,-790.0
13-1075,4.12,4.25,4.25,4.5,2.75,0.0,4.0,3.88,3.38,3.75,3.88,3.62,4.25,4.25,3.25,3.62,3.62,0.88,1.12,0.0,0.0,0.5,1.38,0.88,0.0,0.0,0.0,0.62,3.88,3.5,3.38,3.5,2.25,2.0,3.12,-4200.0
13-1141,4.12,4.0,3.88,4.0,3.38,2.25,4.0,3.62,3.5,3.62,3.75,3.12,3.5,3.12,3.12,3.0,3.75,3.12,1.0,0.0,0.0,1.5,1.25,0.0,0.0,0.0,0.0,0.62,3.75,3.62,3.5,3.12,1.75,1.75,3.0,8330.0
13-2031,4.0,4.0,3.75,3.38,3.5,0.25,3.88,3.38,2.75,3.38,3.0,3.0,2.88,2.75,2.88,2.75,3.5,3.0,0.88,0.0,0.0,1.12,1.0,0.0,0.0,0.0,0.0,0.5,3.62,3.5,3.0,3.0,3.75,2.0,2.75,-5660.0
13-2041,4.0,4.0,3.88,4.0,4.12,0.38,4.0,3.62,2.5,3.0,2.88,2.5,2.5,2.75,2.38,3.0,3.0,2.38,0.0,0.0,0.0,1.0,1.0,0.25,0.0,0.0,0.0,0.75,3.75,3.0,3.12,3.0,1.88,0.88,1.88,4540.0
13-2052,4.0,4.0,4.0,4.0,3.88,1.25,4.12,3.25,3.0,3.62,3.5,2.88,3.62,3.0,3.0,3.88,3.88,2.5,0.75,0.0,0.0,1.0,1.12,0.0,0.0,0.0,0.0,1.0,3.88,3.5,3.38,3.12,3.12,1.25,2.25,13700.0
13-2053,3.75,4.0,3.75,3.62,2.88,0.38,3.88,3.38,3.0,3.0,3.0,2.88,2.75,2.88,2.62,3.0,3.12,1.75,0.62,0.0,0.0,0.75,0.88,0.0,0.0,0.0,0.0,0.12,3.5,3.0,3.0,2.88,1.12,1.0,2.25,8330.0
13-2071,3.88,4.0,3.75,4.0,3.0,0.0,3.88,3.5,3.12,3.0,3.62,3.12,3.5,3.25,3.0,3.5,3.25,1.0,1.0,0.0,0.0,0.75,0.0,0.0,0.0,0.0,0.0,0.25,3.25,3.0,2.75,3.12,0.75,0.25,2.62,2510.0
13-2072,4.0,4.0,3.88,4.0,3.12,0.0,4.0,3.12,2.62,3.0,3.0,3.0,3.0,3.0,2.75,3.5,3.12,1.38,0.88,0.0,0.0,0.88,0.88,0.38,0.0,0.0,0.0,0.62,3.88,2.38,2.25,3.25,1.25,1.12,2.88,7790.0
13-2081,4.12,4.0,3.25,3.75,3.25,0.0,3.62,3.62,3.0,2.88,3.0,3.0,3.12,3.0,2.75,3.0,3.0,1.5,0.5,0.0,0.0,0.88,0.75,0.12,0.0,0.0,0.0,1.12,3.38,2.38,2.5,2.75,1.38,0.75,1.88,-9880.0
13-2082,4.0,4.0,3.0,3.5,3.25,0.0,3.62,3.12,3.0,3.0,2.88,2.88,2.5,2.62,3.0,3.12,3.0,0.88,0.5,0.0,0.0,0.62,0.38,0.0,0.0,0.0,0.0,1.12,3.0,2.75,2.25,3.0,0.88,0.5,1.75,-1920.0
15-2011,4.62,4.12,4.0,4.0,4.88,2.0,4.75,4.12,3.5,3.62,2.88,3.0,3.62,3.12,3.5,3.12,4.62,3.38,1.0,0.0,0.0,2.75,1.25,0.0,0.0,0.0,0.0,1.75,4.75,4.5,4.5,3.5,3.38,2.25,2.88,770.0
15-2021,5.0,4.12,4.5,4.25,6.0,4.62,5.12,5.25,3.75,3.0,2.75,2.75,2.5,1.75,3.75,1.75,4.88,2.62,0.75,0.0,0.0,2.62,0.75,0.0,0.0,0.0,0.0,0.5,4.25,3.88,3.5,2.75,0.75,0.75,1.75,-500.0
15-2031,4.38,4.0,4.0,4.0,4.75,3.12,4.38,4.12,3.12,3.0,3.0,2.88,2.88,2.62,3.12,2.5,4.38,4.38,1.38,0.12,0.0,2.75,0.62,0.0,0.0,0.38,0.0,1.62,4.25,4.0,4.38,3.0,1.38,0.88,2.62,12730.0
15-2041,5.0,4.0649999999999995,4.63,4.375,5.4350000000000005,4.3100000000000005,4.88,4.38,3.5,3.37,2.815,2.94,2.815,2.125,3.56,2.315,4.3100000000000005,3.44,0.875,0.31,0.0,3.81,0.815,0.185,0.0,0.0,0.0,1.185,4.13,3.5,3.435,3.19,1.25,1.0,2.75,12120.0
17-1011,4.75,4.25,4.12,4.0,4.12,3.0,4.5,4.12,3.12,4.38,3.25,4.0,3.5,3.5,2.88,3.38,4.25,4.38,2.0,0.25,0.0,1.25,2.0,1.75,0.0,1.5,0.0,3.25,4.5,3.62,3.75,3.62,3.38,3.0,3.5,16950.0
17-1012,4.0,4.0,3.88,4.0,3.12,2.88,3.88,3.75,3.0,3.5,3.88,3.88,3.5,3.0,3.0,3.12,3.75,3.75,1.12,0.0,0.0,0.75,2.0,1.62,0.0,1.12,0.0,2.12,3.75,3.38,3.75,3.75,2.88,2.88,3.12,2170.0
17-1021,4.12,3.5,3.62,3.12,3.12,1.5,3.75,3.38,3.0,3.12,2.88,3.0,2.12,2.12,3.0,2.75,3.12,0.75,0.75,1.0,0.0,1.12,1.75,0.38,0.5,1.38,0.38,2.12,3.12,2.88,2.75,3.12,0.75,0.62,2.12,-310.0
17-1022,4.1899999999999995,3.94,3.935,3.88,4.375,3.25,4.0,3.63,3.5,3.69,2.875,3.435,2.63,2.565,3.435,2.56,3.565,1.815,1.125,2.25,0.0,2.25,2.75,2.685,1.685,1.75,1.62,2.94,3.435,3.125,3.125,3.56,1.69,1.88,3.625,3250.0
17-2011,5.0,4.12,4.5,4.25,4.75,5.12,4.62,3.88,3.75,3.88,3.12,3.5,3.12,3.0,3.25,2.75,4.25,5.0,3.75,0.38,0.0,1.75,3.0,0.62,0.0,2.5,0.0,3.88,3.88,4.0,3.88,3.5,1.38,1.0,3.0,-5880.0
17-2021,4.62,4.0,4.25,4.0,4.0,3.38,4.25,3.88,3.12,3.75,3.25,3.25,3.12,3.0,3.25,3.0,4.38,3.25,3.0,1.38,0.0,1.62,3.25,2.25,0.88,2.12,0.75,2.5,4.0,3.88,3.88,3.62,2.38,2.62,3.0,-900.0
17-2031,5.12,4.38,4.25,4.38,4.62,4.62,4.75,4.75,4.12,4.12,3.5,3.5,3.5,3.0,4.0,3.12,4.62,4.38,4.0,2.75,2.88,3.5,3.38,2.0,2.88,3.38,2.62,3.75,4.75,3.88,4.0,3.62,2.25,2.88,3.25,-300.0
17-2041,4.38,4.0,3.88,3.88,4.62,5.12,4.88,4.5,3.62,3.88,3.12,3.62,3.12,3.0,3.38,3.0,4.38,4.5,3.12,2.38,0.0,2.88,3.5,1.62,0.0,3.5,0.0,3.62,4.5,4.0,4.25,3.75,2.75,2.88,3.5,-3350.0
17-2061,4.5,3.88,4.12,4.0,3.38,3.25,4.12,4.12,3.12,3.25,2.75,3.12,2.75,2.12,3.5,2.75,4.12,4.0,2.75,2.75,1.12,2.75,3.0,0.75,2.12,3.12,2.12,3.0,3.88,3.5,4.0,3.0,1.25,1.5,2.62,-8480.0
17-2071,4.25,4.0,3.88,3.75,4.0,3.5,4.0,3.38,3.0,3.5,3.12,3.25,2.88,2.88,3.0,3.0,3.75,3.25,2.0,1.88,0.12,1.5,3.0,0.12,2.0,3.0,2.38,2.88,3.25,3.25,3.38,3.25,2.5,2.62,3.0,11020.0
17-2072,4.0600000000000005,3.81,3.81,3.81,3.5,2.5,3.94,3.625,3.185,3.685,3.06,3.315,3.19,2.935,3.31,2.94,3.87,3.19,3.12,2.75,1.435,2.75,3.19,2.685,2.5,3.06,2.625,3.375,3.44,3.69,3.625,2.94,2.06,2.19,2.815,-5190.0
17-2081,4.62,4.12,4.12,4.25,4.0,3.62,4.25,4.12,3.12,4.25,3.25,4.0,3.38,3.25,3.12,2.75,4.12,2.38,0.75,0.0,0.0,1.12,2.88,1.75,0.0,1.5,0.0,2.88,4.25,3.88,4.0,3.88,2.38,2.38,3.0,-90.0
17-2111,4.279999999999999,4.095000000000001,4.0600000000000005,4.0600000000000005,3.215,3.88,4.155,3.88,3.41,3.63,3.0949999999999998,3.125,3.12,2.94,3.2800000000000002,2.935,3.9050000000000002,3.81,2.4699999999999998,1.095,0.5,1.56,2.9699999999999998,1.91,0.0,2.685,0.0,3.375,3.94,3.69,3.75,3.41,1.88,2.0949999999999998,2.815,1330.0
17-2121,4.75,4.0,4.0,4.0,4.81,4.37,4.38,4.44,3.0,4.0,3.12,3.56,3.31,3.12,3.31,2.94,4.19,4.38,3.06,1.12,0.44,1.81,3.38,1.69,1.06,3.31,1.19,3.81,4.31,3.75,3.69,3.5,2.56,2.44,3.25,3790.0
17-2131,4.75,4.12,4.38,4.12,4.0,4.75,4.25,4.5,3.62,3.88,3.12,3.25,3.12,3.12,3.88,3.0,4.0,4.0,2.88,1.88,0.0,1.75,3.12,2.0,0.88,2.0,1.0,3.62,3.88,3.75,3.5,3.12,2.62,2.75,3.12,1830.0
17-2151,4.75,4.0,4.25,4.12,4.62,4.0,4.5,4.12,3.38,4.5,3.25,3.75,3.38,3.25,3.5,2.62,4.38,4.12,2.88,2.5,0.0,3.0,3.38,2.0,0.0,1.88,0.0,3.5,4.62,4.0,4.25,3.88,3.75,3.25,3.62,-1920.0
17-2161,4.75,4.38,4.62,4.0,4.25,4.38,4.75,4.12,3.25,4.0,3.38,3.62,3.0,3.0,3.12,2.88,4.38,4.62,2.75,1.0,0.0,1.12,4.0,2.12,1.0,2.88,1.0,3.5,3.88,3.88,3.88,3.5,1.88,2.25,3.0,-670.0
17-2171,4.75,4.0,4.25,4.0,4.0,4.0,4.38,3.88,3.0,3.88,3.62,3.75,3.12,3.38,3.0,3.0,4.12,1.75,2.25,1.0,0.88,1.12,3.12,2.0,0.25,2.0,0.0,2.62,3.88,3.88,3.88,3.75,2.5,2.88,3.5,-1120.0
17-3011,3.81,3.38,3.31,3.31,3.81,2.0,3.69,3.13,2.94,3.31,2.88,3.12,2.56,2.44,2.88,2.5,3.25,2.94,1.0,0.56,0.0,1.44,2.06,0.56,0.0,0.62,0.0,2.81,3.31,3.12,2.94,3.0,1.37,1.31,2.75,7280.0
17-3012,3.75,3.75,3.37,3.19,3.0,1.56,3.5,3.12,2.63,2.88,2.75,2.94,2.75,2.13,2.81,2.38,3.12,3.0,1.06,0.63,0.0,1.0,1.31,0.75,0.0,0.56,0.0,1.81,2.94,3.0,2.88,2.94,0.43,0.62,2.31,-5250.0
17-3013,3.88,3.5,3.12,3.75,3.88,1.75,3.25,3.62,2.88,3.12,3.0,3.0,2.25,2.25,3.12,2.38,3.12,3.12,2.75,0.38,0.0,2.25,2.25,0.5,0.0,1.88,0.0,3.12,3.0,2.88,3.0,3.0,1.12,1.25,2.38,-8860.0
17-3021,3.75,3.88,3.12,3.12,3.0,3.75,4.0,3.0,2.88,3.12,3.0,2.88,2.88,2.62,3.0,2.75,3.38,2.75,1.38,2.38,1.88,1.62,3.5,2.88,3.38,3.12,3.0,3.62,3.25,3.12,3.12,3.25,1.62,1.62,2.75,310.0
17-3022,4.12,4.0,3.5,3.5,3.38,2.62,3.62,3.0,2.62,3.38,2.88,3.0,2.38,2.75,2.38,2.62,3.25,3.0,0.75,0.25,0.0,1.0,2.38,2.0,0.0,0.88,0.0,2.0,3.12,3.0,2.75,2.88,1.62,2.0,2.25,-2430.0
17-3023,4.04,3.56,3.31,3.34,3.5,2.94,3.79,3.38,2.88,3.47,2.81,3.16,2.87,2.44,3.22,2.72,3.5,2.62,2.5,3.0,2.0,1.88,3.34,2.94,3.0,3.53,3.09,3.44,3.34,3.06,3.12,3.09,1.59,1.97,2.81,-14490.0
17-3024,3.94,3.5,3.25,3.185,3.315,3.065,3.875,3.31,3.06,3.625,2.935,3.06,2.435,2.125,3.06,2.69,3.37,2.25,2.0,3.125,3.185,2.375,3.94,3.62,3.88,3.94,3.875,3.88,3.12,3.06,3.125,2.94,1.125,1.315,2.63,-140.0
17-3025,4.0,4.0,3.88,4.0,3.75,3.75,4.0,3.88,3.0,3.75,3.0,3.0,2.88,2.75,2.88,2.88,3.38,3.0,1.88,2.25,0.0,2.0,3.12,2.75,2.0,2.62,2.25,3.38,3.62,3.0,3.0,3.12,2.12,2.75,3.0,-70.0
17-3026,3.935,3.75,3.7199999999999998,3.7199999999999998,3.7199999999999998,3.435,3.755,3.465,3.0949999999999998,3.7199999999999998,2.935,3.1550000000000002,2.9699999999999998,2.66,3.12,2.6550000000000002,3.66,2.25,2.435,2.12,0.405,1.75,2.935,2.005,2.2199999999999998,1.94,2.6550000000000002,3.1550000000000002,3.6550000000000002,3.375,3.375,3.19,1.44,1.995,2.6550000000000002,1430.0
17-3027,4.0600000000000005,3.5,3.375,3.44,3.38,3.0,3.565,3.185,2.87,3.38,2.75,3.125,2.685,2.315,2.81,2.435,3.25,2.565,1.935,2.69,1.315,1.565,3.125,3.0,2.81,3.12,2.935,3.315,3.25,2.94,3.0,2.87,1.19,1.44,2.5,-4740.0
17-3031,3.69,3.0,3.44,3.06,3.56,2.06,3.12,2.94,2.94,3.0,2.81,3.0,2.31,2.25,3.0,2.62,3.0,2.19,1.0,1.06,0.0,1.62,2.62,2.56,1.31,1.88,1.06,2.62,2.94,2.56,2.5,3.0,1.12,1.19,2.81,2280.0
19-1011,4.62,4.0,4.25,4.12,3.5,4.38,4.25,4.38,3.25,4.0,3.38,3.25,3.0,2.88,3.38,2.88,4.12,3.0,1.0,0.0,0.0,1.0,2.88,2.25,0.0,1.0,0.0,3.0,4.5,3.62,3.88,3.25,0.88,1.5,2.88,340.0
19-1012,4.25,4.0,4.0,4.0,3.12,3.38,4.25,3.88,3.0,3.88,3.12,3.5,3.5,3.38,3.5,3.12,3.88,1.88,1.12,0.75,0.0,0.88,3.0,2.0,0.0,2.12,0.0,3.75,3.88,3.75,3.62,3.75,1.25,1.62,2.88,-710.0
19-1013,5.0,4.12,4.38,4.62,3.88,4.88,4.38,4.5,3.88,4.12,3.0,3.0,3.12,2.75,3.12,2.88,4.25,3.75,1.5,0.0,0.0,2.0,2.88,2.25,0.0,1.0,0.0,3.0,4.25,3.88,3.88,2.88,1.62,2.0,2.62,-1000.0
19-1021,5.25,4.38,5.12,4.62,4.75,5.12,5.12,5.25,4.38,4.25,3.12,3.12,3.0,2.25,4.38,2.62,4.25,3.62,2.88,2.38,0.12,2.75,2.75,2.12,1.12,1.38,1.12,3.25,4.25,4.0,4.0,3.5,1.62,2.0,3.0,10.0
19-1022,5.25,4.0,4.75,4.0,3.88,5.0,4.5,4.5,3.88,3.88,3.25,3.62,2.75,2.75,3.88,3.0,4.0,3.0,1.38,1.12,0.0,2.12,2.88,2.5,0.0,1.88,0.0,3.0,4.12,3.75,3.75,4.0,2.0,2.38,3.62,-2400.0
19-1023,4.62,4.0,4.25,3.88,3.0,3.88,4.12,3.75,3.0,3.5,3.12,3.12,3.0,3.0,3.25,3.0,3.75,1.38,1.0,0.0,0.0,1.12,2.5,2.38,0.0,0.75,0.0,2.12,3.88,3.5,3.38,3.75,2.0,2.0,3.0,280.0
19-1029,5.0,4.25,4.88,4.375,4.1850000000000005,4.6899999999999995,4.4399999999999995,4.4350000000000005,3.75,4.0,3.44,3.375,3.06,3.0,3.685,2.75,4.1850000000000005,1.81,1.56,0.435,0.0,2.125,2.625,1.0,0.0,1.31,0.0,2.56,4.125,3.62,3.5,3.5,1.935,2.06,3.185,7870.0
19-1031,4.12,4.0,4.0,3.88,3.25,3.38,4.0,3.62,3.25,3.75,3.38,3.62,3.0,3.0,3.25,3.38,3.75,3.12,1.12,0.62,0.0,1.0,2.38,2.5,0.5,1.62,0.62,2.62,3.62,3.5,3.38,3.12,1.75,2.12,3.0,2860.0
19-1032,4.0,3.88,4.12,3.75,3.62,3.38,4.25,3.62,3.0,4.38,3.38,4.12,3.38,3.75,3.12,3.0,4.12,2.75,2.0,1.75,0.0,0.38,3.0,3.12,0.0,0.62,0.0,2.25,4.38,4.38,3.88,3.62,2.38,2.62,3.5,370.0
19-1041,5.0,4.5,4.38,4.25,4.0,5.25,4.75,4.62,3.62,4.12,3.88,3.75,3.5,3.25,3.75,3.38,4.38,3.62,0.62,0.0,0.0,0.75,1.38,0.12,0.0,0.0,0.0,0.88,4.25,4.0,3.88,3.62,1.5,1.88,3.38,1990.0
19-2011,5.12,4.12,5.0,4.88,5.0,5.0,4.25,4.75,3.75,3.88,3.12,3.0,3.0,2.75,3.88,3.12,3.88,3.25,2.25,0.88,0.0,2.12,2.12,0.88,0.75,0.75,0.75,1.12,3.75,3.25,3.12,3.25,2.5,2.12,3.12,410.0
19-2012,5.88,4.75,5.0,4.75,5.5,5.75,4.88,5.5,5.0,4.0,3.12,3.38,3.5,2.75,4.62,3.0,4.88,3.62,3.38,1.5,0.12,3.88,2.38,0.62,0.0,2.0,0.0,3.25,4.5,4.0,3.88,3.62,2.12,2.25,3.12,-60.0
19-2021,4.88,4.25,4.0,4.12,3.88,4.88,4.12,4.0,3.25,3.62,3.25,3.12,3.12,2.88,3.75,3.12,4.0,3.0,1.25,0.0,0.0,1.38,1.75,0.12,0.0,0.0,0.0,1.0,3.88,3.62,3.12,3.12,1.25,1.38,3.0,-1560.0
19-2031,5.0,3.75,4.75,4.0,4.38,5.12,4.12,4.12,3.12,3.75,2.88,3.12,2.62,2.38,3.62,2.62,4.0,2.88,1.5,2.62,0.0,1.75,3.12,2.5,2.62,2.62,2.5,3.25,3.38,3.12,3.25,2.88,1.75,2.12,2.75,-2440.0
19-2032,4.88,4.12,4.25,4.25,4.0,5.0,4.12,4.0,3.38,4.12,3.12,3.0,3.0,2.75,3.25,2.88,4.12,4.12,1.5,0.88,0.0,1.0,2.75,2.0,0.88,1.88,1.12,2.75,3.88,3.38,3.38,2.88,1.5,1.88,2.62,-190.0
19-2041,4.5,4.0600000000000005,4.375,4.1850000000000005,3.69,4.0,4.12,4.0,3.375,3.88,3.375,3.375,3.185,2.94,3.435,3.06,4.0,2.815,1.56,0.06,0.0,1.94,1.935,1.125,0.0,0.375,0.0,2.13,3.94,3.88,3.75,3.38,2.125,2.12,2.94,-4450.0
19-2042,4.88,4.25,4.62,4.38,4.12,4.62,4.25,3.75,3.12,3.38,3.12,3.25,2.88,2.62,3.0,2.5,4.12,3.12,0.75,1.12,0.0,1.62,1.88,1.75,0.0,0.62,0.0,2.0,4.0,3.5,3.38,2.88,1.12,0.75,2.62,-4800.0
19-2043,4.62,4.0,4.12,4.12,4.38,4.38,4.5,4.38,3.38,4.0,3.0,3.12,3.25,3.0,3.12,2.88,4.12,2.62,1.0,1.62,1.88,2.62,2.38,1.88,2.0,2.0,1.38,2.88,3.75,3.75,3.62,3.25,1.5,1.75,2.88,-140.0
19-2099,4.88,4.12,4.75,3.88,4.25,4.12,4.25,3.88,3.12,3.88,3.0,3.12,2.88,2.75,3.25,3.0,4.0,3.88,2.25,0.38,0.25,2.38,2.5,1.12,0.12,0.25,0.0,1.12,4.0,3.88,3.88,3.38,1.88,2.25,3.0,-5480.0
19-3011,4.75,4.125,4.3149999999999995,4.1850000000000005,4.5,2.435,4.375,4.0,3.625,3.685,3.0,3.06,3.435,2.75,3.31,2.88,4.0,2.5,1.0,0.0,0.0,1.75,0.375,0.0,0.0,0.0,0.0,0.815,4.0,3.815,3.75,3.0,2.315,1.62,2.5,320.0
19-3022,4.25,4.12,4.12,4.12,4.25,2.75,4.25,4.0,3.38,3.62,3.25,3.25,3.12,2.75,3.25,3.0,3.75,2.5,1.12,0.0,0.0,2.25,1.25,0.12,0.0,0.0,0.0,1.38,3.75,3.12,3.25,3.5,1.5,1.5,3.0,-5480.0
19-3032,4.75,4.62,4.75,4.62,4.0,3.75,4.25,4.12,4.0,4.12,4.12,4.12,3.88,3.38,4.0,3.25,4.0,3.38,1.0,0.25,0.0,3.38,1.88,0.0,0.0,0.0,0.0,2.0,4.0,4.12,4.12,3.88,2.25,2.12,4.0,-480.0
19-3041,4.88,4.62,4.75,4.5,3.38,3.62,4.25,4.12,4.0,3.88,4.25,3.12,3.12,3.0,3.88,3.12,3.75,2.5,0.62,0.0,0.0,0.75,0.38,0.0,0.0,0.0,0.0,0.5,3.75,3.62,3.0,3.0,0.88,1.5,3.0,390.0
19-3051,4.38,4.38,4.12,4.25,3.5,2.75,4.25,4.12,2.88,3.62,3.75,3.75,3.75,3.38,2.88,3.0,4.12,3.75,1.12,0.0,0.0,1.38,1.12,0.5,0.0,0.0,0.0,1.25,4.25,4.12,4.0,3.75,2.75,2.25,3.12,2740.0
19-3091,4.88,4.25,4.94,4.56,3.25,4.31,4.31,4.19,3.88,3.75,3.62,3.5,3.06,2.62,3.88,2.69,3.94,2.75,0.94,0.25,0.0,1.31,1.31,0.75,0.0,0.19,0.0,1.0,4.0,3.56,3.31,3.25,1.5,1.75,3.19,-320.0
19-3092,4.75,4.0,4.75,4.25,3.0,3.88,4.0,3.88,3.62,3.5,3.12,3.25,2.75,2.75,3.62,3.0,3.88,2.75,1.12,0.0,0.0,0.88,1.25,0.0,0.0,0.0,0.0,0.5,3.62,3.75,3.5,3.38,1.5,1.75,2.88,140.0
19-3093,4.88,4.0,4.88,4.12,1.12,2.62,4.12,3.75,3.62,3.12,3.38,3.0,3.0,2.25,3.38,2.25,3.12,1.88,0.5,0.0,0.0,0.38,0.62,0.0,0.0,0.0,0.0,0.75,3.38,2.25,2.25,2.88,0.88,1.12,2.88,-180.0
19-3094,4.75,4.5,4.38,4.5,3.12,3.25,4.5,3.88,3.38,3.62,3.88,3.0,3.0,2.75,3.25,3.12,3.88,2.38,0.38,0.0,0.0,0.62,0.62,0.0,0.0,0.0,0.0,0.5,3.75,3.62,3.25,3.0,0.62,0.75,2.5,370.0
19-3099,4.25,4.0,4.0,3.88,3.75,2.12,4.25,3.75,3.12,3.75,3.25,3.75,3.62,3.0,3.12,3.25,3.88,3.12,1.62,0.0,0.0,1.75,2.0,1.75,0.0,0.12,0.12,1.0,4.0,3.88,4.0,3.75,2.25,2.62,3.0,1680.0
19-4021,4.62,3.75,3.75,3.75,3.62,3.62,4.0,3.88,2.75,3.75,2.75,2.62,2.12,1.38,2.5,2.12,3.5,1.62,1.38,1.5,0.0,1.75,3.0,2.75,1.75,2.62,0.88,3.12,3.5,3.0,2.88,2.88,1.0,2.0,2.12,6890.0
19-4031,4.12,3.88,4.0,3.38,3.12,4.12,4.12,3.25,3.25,3.88,2.88,3.0,2.25,2.62,3.12,2.75,3.12,2.62,1.62,2.75,0.0,0.62,3.25,3.0,3.0,3.0,2.75,3.38,3.25,3.0,3.12,3.0,1.0,1.88,2.5,2000.0
19-4051,4.0,3.94,3.31,3.5,3.25,3.12,3.81,3.12,2.875,4.0,2.63,2.94,2.435,2.435,2.625,2.435,3.06,0.315,1.0,1.25,0.0,0.685,3.81,3.315,2.065,3.125,2.065,3.185,3.5,2.875,2.75,3.06,0.935,1.0,2.375,40.0
19-4061,4.75,4.12,3.88,3.75,3.88,3.38,3.88,3.62,3.12,3.12,2.88,3.0,2.5,2.38,2.88,2.5,3.12,2.0,1.25,0.5,0.0,2.75,1.88,0.62,0.0,1.38,0.0,2.88,3.12,2.88,3.0,2.88,1.5,2.0,2.38,7800.0
19-4092,4.38,4.25,4.12,4.12,3.12,3.25,4.0,3.62,3.38,3.5,3.38,3.38,3.12,2.25,3.75,2.88,3.62,1.62,0.88,2.38,0.0,1.25,2.62,2.88,1.75,2.12,1.5,2.25,3.75,3.0,2.62,3.25,1.12,1.0,3.0,2950.0
19-4099,4.0,3.75,3.565,3.62,3.565,2.815,3.75,3.31,2.94,3.75,2.875,3.065,2.69,2.56,3.125,2.75,3.315,1.88,1.37,1.75,0.31,2.0,3.185,2.625,1.81,2.69,1.44,3.44,3.37,3.06,3.0,2.875,1.065,1.63,2.25,-2880.0
21-1015,4.0,4.12,4.0,4.0,2.0,2.0,3.88,3.25,3.75,4.12,4.88,3.75,3.75,3.12,3.0,4.0,3.62,3.0,0.62,0.0,0.0,0.5,0.75,0.12,0.0,0.0,0.0,0.25,3.62,3.62,3.5,3.12,0.62,0.5,3.0,5150.0
21-1023,4.12,4.0,4.0,4.0,2.0,2.75,4.0,3.88,3.88,4.0,5.12,4.0,4.0,3.75,3.75,4.12,4.0,2.62,1.0,0.0,0.0,1.0,2.0,0.62,0.0,0.0,0.0,1.0,3.88,3.25,3.12,3.88,1.0,1.0,3.0,8310.0
21-1091,4.0,4.0,4.0,4.25,2.25,2.75,4.0,3.62,4.12,3.75,3.88,3.25,3.25,3.12,3.25,3.25,3.0,3.0,1.0,0.0,0.0,0.5,1.62,0.75,0.0,0.0,0.0,0.38,3.12,3.12,3.0,3.25,2.12,2.12,3.0,1570.0
21-1092,4.12,4.0,3.88,4.0,1.25,0.75,4.0,3.25,2.62,3.88,4.38,3.75,3.75,3.12,3.0,3.5,3.38,1.62,0.62,0.0,0.0,0.75,1.75,1.38,0.0,0.62,0.0,1.38,3.75,3.0,3.0,3.38,1.0,0.88,2.5,1310.0
21-1094,4.0,4.0,3.88,4.0,2.12,0.5,3.75,3.62,3.75,3.75,4.25,3.62,3.75,3.0,3.62,3.88,3.5,0.75,1.0,0.0,0.0,0.75,1.88,1.75,0.0,1.12,0.0,1.38,3.38,3.25,3.25,3.38,1.62,1.75,3.0,11070.0
21-2011,4.75,4.5,4.38,4.75,2.5,0.88,4.12,4.12,4.25,4.12,5.38,4.0,4.38,3.88,3.88,4.25,3.75,0.88,0.5,0.0,0.0,0.5,1.38,1.25,0.0,0.0,0.0,0.38,4.0,2.88,3.88,3.62,3.38,3.12,3.88,6670.0
21-2021,4.12,3.75,3.88,4.0,2.88,0.88,3.88,3.75,3.75,3.88,4.5,3.88,3.62,2.88,3.25,3.5,3.75,2.62,0.62,0.0,0.0,0.75,1.5,0.62,0.0,0.0,0.0,1.12,3.38,3.0,3.25,3.62,3.12,2.75,3.62,2970.0
23-1012,4.88,4.25,4.38,4.25,1.75,0.0,4.62,4.12,3.0,3.25,3.12,3.0,3.25,2.88,2.75,2.88,3.62,0.38,0.75,0.0,0.0,0.62,0.25,0.0,0.0,0.0,0.0,0.88,3.62,2.38,2.38,3.25,0.0,0.25,0.88,4970.0
23-1021,4.75,5.5,4.88,4.75,2.38,0.75,5.12,4.12,2.88,4.0,4.0,2.88,3.62,3.5,2.88,2.88,4.0,1.75,0.88,0.0,0.0,0.5,0.5,0.0,0.0,0.0,0.0,0.12,4.88,2.75,2.88,3.38,1.0,0.62,2.5,240.0
23-1022,4.25,4.88,4.38,4.75,2.0,0.62,4.75,4.0,3.0,3.5,3.62,3.12,4.38,5.0,3.12,3.12,3.75,1.0,0.38,0.0,0.0,0.5,0.25,0.0,0.0,0.0,0.0,0.12,4.12,2.88,2.88,3.0,0.12,0.12,1.62,-620.0
23-1023,4.75,5.88,4.88,4.88,2.12,1.38,5.75,4.62,2.88,4.12,4.0,3.25,3.62,3.88,3.12,2.88,5.0,2.38,0.75,0.0,0.0,0.38,0.25,0.0,0.0,0.0,0.0,0.0,4.75,3.25,3.0,4.0,0.75,0.75,3.12,580.0
23-2093,3.88,3.62,3.62,3.5,2.25,0.25,3.62,3.12,2.12,3.0,2.75,3.0,2.38,2.25,2.0,2.88,3.0,1.0,0.0,0.0,0.0,0.25,0.75,0.0,0.0,0.0,0.0,0.25,2.75,2.12,1.62,3.25,0.62,0.62,2.5,-70.0
25-1011,5.0,4.12,5.0,4.88,3.25,1.38,4.38,4.38,4.75,4.0,3.38,3.0,2.88,2.75,4.62,3.0,3.75,2.12,0.62,0.0,0.0,1.25,0.5,0.12,0.0,0.0,0.0,0.62,4.0,3.25,3.25,3.5,0.75,0.88,2.5,-1110.0
25-1021,5.0,4.38,4.88,4.88,3.5,2.62,4.5,4.12,4.38,4.0,3.75,3.12,3.0,2.88,4.75,3.25,4.0,2.62,1.88,0.5,0.0,3.12,1.25,0.75,0.38,0.38,0.0,1.62,3.88,3.62,3.38,3.62,1.0,1.62,3.0,-3610.0
25-1022,4.88,4.0,4.75,4.38,4.88,2.25,4.12,4.12,4.25,4.0,3.25,3.0,2.75,2.62,4.25,3.0,3.62,1.75,0.62,0.0,0.0,0.88,0.25,0.0,0.0,0.0,0.0,0.5,3.38,2.88,3.12,3.25,0.62,0.75,2.12,-2860.0
25-1031,5.0,4.38,5.0,4.88,3.75,2.62,4.38,4.5,4.38,4.12,3.62,3.12,3.0,3.0,4.88,3.25,4.25,3.12,0.88,0.38,0.0,1.0,1.25,0.5,0.0,0.38,0.0,1.25,4.12,3.25,3.5,3.5,1.12,2.0,3.0,-410.0
25-1032,4.88,4.12,4.75,4.88,4.5,3.62,4.12,4.12,4.25,4.12,3.5,3.0,2.88,3.0,4.62,2.88,3.38,2.88,1.88,0.38,0.0,1.62,1.88,0.62,0.0,0.5,0.0,1.5,4.0,3.38,3.38,3.0,1.25,1.25,2.75,-570.0
25-1041,5.0,4.62,5.0,5.0,3.25,3.62,4.12,4.5,4.62,4.25,3.38,3.25,2.88,2.62,4.75,3.0,3.88,1.5,0.75,0.0,0.0,0.88,1.38,1.12,0.0,0.88,0.0,1.88,4.0,3.25,3.38,3.5,1.25,1.75,2.88,-420.0
25-1042,5.12,4.38,4.75,4.75,3.25,4.0,4.12,4.5,4.38,3.88,3.38,2.88,2.88,2.88,4.38,3.12,3.75,2.38,0.38,0.38,0.0,0.5,1.0,0.12,0.62,0.88,0.88,1.38,4.12,3.25,3.25,3.5,1.5,1.75,2.75,340.0
25-1043,5.0,4.75,4.88,4.75,3.12,3.38,4.25,4.25,4.12,3.88,3.75,3.0,2.88,2.88,4.88,3.0,4.0,2.62,1.0,0.0,0.0,1.12,1.5,1.38,0.0,0.62,0.0,1.25,3.5,3.0,3.12,3.25,1.75,1.75,3.0,-80.0
25-1051,5.12,4.62,4.75,4.75,4.0,4.12,4.25,4.25,4.25,4.12,3.62,3.12,3.0,3.0,4.25,3.25,3.88,2.88,0.75,0.0,0.0,1.0,1.0,0.0,0.0,0.12,0.0,0.75,4.0,3.62,3.25,3.62,1.38,2.12,2.88,130.0
25-1052,5.0,4.0,4.88,5.0,3.75,4.25,4.0,4.0,4.0,4.0,3.38,3.0,3.0,2.38,4.62,3.0,4.0,3.0,1.25,0.88,0.0,1.12,1.88,0.25,0.12,1.12,0.0,2.12,3.75,3.25,3.12,3.62,1.75,1.75,3.0,-90.0
25-1053,5.0,4.25,4.75,4.5,3.25,4.5,4.25,4.25,4.25,4.0,3.62,3.25,3.0,2.88,4.38,3.12,3.88,2.88,0.38,0.0,0.0,0.38,0.88,0.0,0.0,0.5,0.0,1.38,3.88,3.12,3.12,3.5,1.5,2.0,2.88,760.0
25-1054,5.0,4.62,5.0,5.0,4.0,4.62,4.88,4.38,4.38,4.0,3.12,3.12,3.0,2.5,4.38,3.0,4.0,2.75,1.0,1.0,0.0,1.12,1.62,0.62,1.25,1.5,1.38,2.12,3.88,3.12,3.0,3.12,1.38,2.0,3.12,-380.0
25-1061,5.0,4.38,5.0,4.88,3.12,4.0,4.25,4.38,4.25,4.12,3.75,3.12,3.0,3.0,4.25,3.0,3.88,2.38,0.5,0.0,0.0,0.5,0.12,0.0,0.0,0.0,0.0,0.38,4.0,3.38,3.62,3.62,1.0,1.38,3.0,-250.0
25-1062,4.88,4.25,4.88,4.75,2.12,2.75,4.12,4.0,4.0,3.88,3.5,3.0,3.12,2.38,3.88,3.0,3.62,2.75,1.0,0.0,0.0,1.0,0.38,0.0,0.0,0.0,0.0,0.62,3.62,3.0,3.0,3.75,1.62,1.62,3.12,1450.0
25-1063,4.38,4.12,4.12,4.25,3.75,2.88,4.12,4.12,4.0,3.62,3.5,3.0,2.5,2.12,4.25,2.75,3.62,2.75,0.75,0.0,0.0,1.38,1.12,0.0,0.0,0.0,0.0,0.25,3.88,3.12,3.12,3.0,1.12,0.88,2.62,-440.0
25-1064,4.75,4.0,4.88,4.88,3.0,3.5,4.0,4.12,3.88,3.88,3.25,3.38,3.12,3.0,4.75,3.0,3.75,2.5,1.12,0.0,0.0,1.38,0.5,0.0,0.0,0.0,0.0,0.38,3.75,3.0,3.0,3.25,1.38,1.25,3.0,-470.0
25-1065,4.88,4.0,4.88,5.0,2.12,2.25,4.12,4.0,4.0,3.62,3.5,3.0,3.12,2.88,4.25,3.12,4.0,2.88,0.25,0.0,0.0,0.25,0.25,0.0,0.0,0.0,0.0,0.5,3.75,3.0,3.0,3.12,0.88,1.0,2.88,-1300.0
25-1066,5.0,4.88,5.0,5.0,3.25,4.12,4.25,4.62,5.0,3.88,4.5,3.0,2.88,2.5,4.25,3.0,3.88,2.25,0.75,0.0,0.0,1.0,0.38,0.0,0.0,0.0,0.0,0.5,4.12,3.12,3.25,3.5,0.75,1.0,3.0,-450.0
25-1067,4.88,4.12,4.75,4.75,3.25,3.75,4.12,4.38,4.88,3.88,3.88,2.88,2.88,2.75,4.62,3.0,3.75,2.5,0.38,0.0,0.0,0.5,0.38,0.0,0.0,0.0,0.0,0.5,4.0,3.25,3.25,3.62,0.75,0.88,2.62,-3050.0
25-1072,5.0,4.62,4.88,4.75,2.88,2.75,4.25,4.0,4.25,4.12,4.0,4.0,3.12,3.0,5.0,3.25,4.0,2.5,1.12,0.38,0.0,1.12,2.0,0.62,0.0,1.0,0.0,1.88,3.88,3.25,3.25,3.75,1.62,1.75,3.0,2840.0
25-1081,4.88,4.62,4.88,4.88,2.25,2.0,4.0,4.25,4.5,4.0,3.62,3.0,2.88,2.88,4.25,2.88,4.0,2.62,0.75,0.0,0.0,0.5,0.25,0.0,0.0,0.0,0.0,0.25,4.0,3.25,3.25,3.5,1.25,1.88,3.0,1320.0
25-1082,5.0,4.62,4.75,4.75,2.25,2.12,4.12,4.38,4.38,4.12,3.62,3.25,2.75,2.62,4.12,2.88,3.75,1.62,0.75,0.0,0.0,0.75,0.5,0.0,0.0,0.0,0.0,0.75,3.75,3.38,3.38,3.5,1.25,1.38,2.88,-150.0
25-1111,4.88,4.75,4.5,4.88,2.0,1.5,4.12,4.0,4.0,4.0,3.75,3.0,3.0,2.75,4.12,3.0,3.75,2.25,0.38,0.0,0.0,0.5,0.5,0.0,0.0,0.0,0.0,0.12,3.62,3.12,2.88,3.25,0.5,0.62,2.88,-820.0
25-1112,5.12,4.88,5.0,5.0,2.25,0.75,4.88,4.75,4.5,3.75,3.12,3.0,3.75,3.12,4.38,3.0,3.75,1.25,0.75,0.0,0.0,0.75,0.5,0.0,0.0,0.0,0.0,0.5,4.12,3.12,3.5,3.12,0.25,0.62,2.75,190.0
25-1113,4.88,4.12,4.75,4.88,2.62,2.62,4.25,4.88,4.88,3.88,3.88,3.75,3.0,3.0,4.88,3.62,3.88,2.88,0.88,0.0,0.0,1.0,0.5,0.0,0.0,0.0,0.0,0.5,4.0,3.12,3.38,3.62,0.88,1.5,2.88,2670.0
25-1121,4.62,4.12,4.12,4.75,2.12,1.12,3.88,4.25,4.25,3.88,3.75,3.12,3.0,2.75,4.75,2.88,3.38,2.62,0.62,0.25,0.25,0.38,0.5,0.25,0.0,0.0,0.5,0.75,3.62,3.0,3.0,3.75,1.5,2.0,2.88,-3440.0
25-1122,4.75,4.12,4.62,4.88,2.75,1.88,4.12,4.25,4.5,3.88,3.62,3.0,3.0,3.0,4.62,3.0,3.5,2.12,0.75,0.0,0.0,0.62,0.75,0.0,0.0,0.0,0.0,0.38,3.88,3.12,3.0,3.38,1.5,1.12,3.0,-350.0
25-1123,5.0,4.25,4.88,4.75,1.88,0.88,4.0,4.0,5.0,4.0,3.75,3.12,3.0,3.0,4.38,3.12,3.5,2.0,0.5,0.0,0.0,0.62,0.25,0.0,0.0,0.0,0.0,0.25,3.75,3.0,3.0,3.25,0.0,0.5,3.0,-8390.0
25-1124,4.88,4.62,4.75,4.75,1.62,1.38,3.88,4.0,4.0,3.88,3.62,3.0,2.75,2.75,4.12,3.0,3.62,2.38,0.88,0.0,0.0,0.88,0.5,0.0,0.0,0.0,0.0,0.75,3.75,2.88,3.0,3.25,0.12,0.62,2.75,-6020.0
25-1125,4.75,4.12,4.75,4.75,2.0,1.75,3.88,4.0,4.25,4.0,3.88,3.12,3.0,2.88,4.25,3.12,3.75,2.5,0.25,0.0,0.0,0.25,0.38,0.0,0.0,0.0,0.0,0.25,3.75,3.0,3.0,3.75,0.88,0.75,3.0,-2610.0
25-1126,4.88,4.38,5.0,4.75,2.12,1.38,4.25,4.38,4.62,3.88,3.38,3.0,3.12,2.5,4.38,3.0,3.75,1.88,0.62,0.0,0.0,0.75,0.5,0.0,0.0,0.0,0.0,0.38,3.62,3.12,3.25,3.0,0.25,0.88,2.75,280.0
25-1192,4.62,4.25,4.12,4.75,2.88,2.25,4.0,4.12,4.25,4.0,3.25,3.0,2.88,2.5,4.25,3.0,3.25,2.25,0.75,0.0,0.0,0.75,0.62,0.0,0.0,0.38,0.0,1.38,3.62,3.12,3.25,3.12,0.88,1.38,2.62,-1470.0
25-1193,4.25,4.0,4.12,4.12,2.62,2.75,4.0,4.0,4.0,4.0,3.88,3.25,3.12,3.0,4.25,3.0,3.38,2.62,1.0,0.0,0.0,0.38,1.12,0.0,0.0,0.75,0.0,1.12,3.88,3.12,3.12,3.38,1.38,1.25,2.88,-2770.0
25-1194,3.88,4.0,4.0,4.0,2.25,1.0,3.75,4.0,4.0,4.0,3.25,3.0,3.0,3.0,4.0,3.0,3.12,2.62,1.12,2.12,0.25,0.62,2.5,1.88,1.38,1.88,1.25,2.38,3.0,2.62,2.88,3.0,1.5,1.88,2.88,-8990.0
25-2022,4.0,4.0,4.0,4.0,3.0,0.88,3.62,3.88,4.0,4.0,4.0,3.62,3.12,3.12,4.0,3.38,3.12,0.38,0.88,0.0,0.0,0.62,1.0,0.0,0.0,0.38,0.0,1.12,3.25,3.0,3.0,3.5,0.62,1.0,3.0,-8290.0
25-2023,4.12,4.0,3.62,4.0,2.38,1.38,3.88,3.5,4.0,3.75,3.88,3.12,3.0,2.75,4.0,3.12,3.0,2.62,0.88,0.62,0.0,0.75,1.75,1.62,0.25,1.38,0.38,1.88,3.0,3.0,3.12,3.0,1.12,2.0,2.62,-2140.0
25-2032,4.12,4.12,3.88,4.12,3.12,0.88,3.88,3.75,4.0,4.0,3.75,3.62,3.75,3.25,4.12,3.5,3.38,0.62,1.0,1.0,0.0,1.0,2.0,1.88,0.75,1.62,0.62,1.62,3.12,3.0,3.25,3.38,0.88,2.0,2.62,-7040.0
25-2051,4.12,4.12,4.0,4.25,2.12,1.5,3.88,3.75,4.0,4.0,4.0,3.5,3.12,2.88,3.25,3.5,3.38,1.25,0.75,0.25,0.0,1.0,1.25,0.0,0.0,0.5,0.0,1.25,3.38,3.25,3.25,3.0,0.38,1.12,2.75,-1740.0
25-2059,4.0,4.12,3.88,4.0,2.0,0.88,3.88,3.88,4.0,3.88,4.12,3.88,3.62,3.12,3.62,3.75,3.38,2.0,1.12,0.25,0.0,0.25,2.0,0.5,0.0,0.88,0.0,1.75,3.88,3.0,3.25,3.25,0.5,1.38,2.88,-4020.0
25-3011,3.88,3.75,3.88,4.0,2.5,0.62,3.5,3.25,3.88,3.88,3.75,3.38,3.0,3.12,4.0,3.12,3.0,0.62,1.12,0.0,0.0,0.62,1.12,0.0,0.0,0.0,0.0,0.12,3.0,2.88,2.88,3.25,0.12,0.12,2.88,-14040.0
25-4011,4.0,3.88,4.0,3.88,2.12,1.12,3.88,3.25,2.88,3.12,3.0,3.0,2.88,2.62,3.12,3.0,3.12,2.12,1.25,0.0,0.0,0.88,1.5,0.0,0.0,0.62,0.0,1.5,3.25,3.12,2.88,3.0,1.88,2.12,3.0,1200.0
25-4012,4.62,4.25,4.62,4.12,3.0,1.25,4.38,4.12,3.5,4.0,3.38,3.75,3.62,3.38,3.38,3.0,3.62,2.38,0.88,0.12,0.12,1.0,1.25,0.38,0.0,0.5,0.0,2.5,3.88,3.38,3.75,3.62,3.62,3.75,3.62,1690.0
25-4013,4.12,3.88,3.75,3.5,2.5,2.25,3.38,3.12,3.0,3.25,3.0,3.12,2.5,2.5,3.12,2.75,3.0,0.5,1.38,1.0,0.5,0.62,2.0,1.38,0.38,1.0,0.88,2.75,3.12,2.75,2.75,2.88,1.12,1.62,2.12,3240.0
25-4031,3.88,3.12,3.0,3.0,2.12,0.25,3.25,2.88,2.88,2.88,2.88,3.0,2.0,1.5,2.88,3.25,2.0,1.0,0.5,0.12,0.0,0.75,1.0,0.88,0.62,0.75,0.12,0.5,2.5,2.0,1.88,2.62,1.0,1.38,2.62,-5540.0
25-9021,4.5,4.12,4.12,4.12,3.62,2.88,4.12,4.5,4.25,4.0,4.0,4.0,3.75,3.62,3.88,3.88,3.88,2.75,1.62,0.12,0.0,1.5,2.25,2.62,0.0,0.12,0.0,1.12,3.88,3.75,3.75,3.5,2.88,2.38,3.12,-180.0
27-1011,3.88,4.0,4.0,4.0,2.88,0.38,4.0,3.75,3.25,3.75,3.12,4.12,3.62,3.5,3.62,3.25,3.62,3.25,1.0,1.25,0.0,0.88,1.38,0.12,0.88,1.25,1.0,2.38,3.75,3.0,3.5,3.88,3.38,2.88,3.5,9750.0
27-1012,2.75,2.75,2.62,2.88,2.0,0.38,3.12,2.62,2.25,2.75,2.88,2.12,2.88,2.12,0.38,2.88,2.88,2.38,1.25,2.12,0.0,0.5,1.88,2.0,1.62,1.62,1.62,2.5,2.62,1.75,1.75,2.12,2.0,2.12,1.75,-120.0
27-1013,3.12,3.25,2.75,2.88,1.38,0.0,3.25,3.38,2.38,2.88,2.75,2.25,2.0,1.75,0.88,2.5,2.88,2.75,1.25,1.62,0.0,0.62,2.0,1.88,0.0,1.38,0.0,2.5,3.0,2.0,2.12,2.75,1.75,1.38,1.25,250.0
27-1014,4.0,3.88,3.0,3.5,2.38,0.12,3.75,3.38,3.0,3.25,2.88,3.62,3.0,3.0,3.0,2.88,3.25,1.75,1.75,1.12,0.0,1.62,1.88,2.0,0.0,0.12,0.0,0.88,3.12,3.0,2.75,3.0,1.88,1.88,2.5,340.0
27-1021,4.12,4.0,3.88,4.0,3.5,2.75,4.0,4.0,2.88,3.75,3.25,3.62,3.62,2.75,2.88,2.38,3.88,3.88,3.62,1.88,0.0,1.5,2.5,1.5,0.0,0.88,0.0,2.88,3.75,3.5,3.75,3.12,1.75,2.12,2.88,3360.0
27-1022,3.75,3.88,3.5,3.62,2.25,0.25,3.62,3.38,3.12,3.75,3.75,3.75,3.5,3.38,3.12,3.25,3.38,3.38,0.62,0.62,0.0,0.62,1.88,0.0,0.0,1.0,0.0,2.0,3.62,3.0,3.5,3.88,2.75,2.62,3.12,4190.0
27-1023,3.0,3.12,2.75,3.38,2.12,0.25,3.38,2.88,2.12,2.88,3.0,2.88,2.88,2.5,2.25,3.0,2.62,2.75,0.5,0.62,0.0,0.38,0.38,0.38,0.0,0.0,0.0,1.38,2.75,1.88,1.5,2.88,1.75,2.25,2.25,-3280.0
27-1024,3.75,3.38,3.12,3.5,2.12,0.25,3.62,3.12,2.75,3.12,2.88,3.0,3.0,2.88,2.88,2.88,3.0,3.12,1.5,0.38,0.0,0.75,1.62,0.25,0.0,0.0,0.0,1.25,3.0,2.62,2.75,3.0,1.38,1.0,2.38,18390.0
27-1025,3.88,4.0,3.75,4.0,3.12,0.5,4.0,3.25,2.62,3.38,3.38,3.75,3.62,3.5,3.0,3.62,3.5,3.25,1.12,0.12,0.0,0.88,1.75,0.75,0.0,0.88,0.0,1.62,3.38,2.88,2.75,3.0,2.88,2.75,3.0,15640.0
27-1027,4.0,3.88,3.12,3.62,3.38,0.88,3.75,3.12,2.75,3.5,3.12,3.5,3.25,3.0,3.0,3.12,3.88,3.75,1.62,1.38,0.62,0.88,1.88,1.25,0.5,1.0,0.38,2.25,3.12,3.0,2.88,3.62,2.75,2.75,3.38,1580.0
27-2011,3.88,3.62,3.38,4.0,0.0,0.5,3.0,2.62,2.5,3.0,3.75,3.0,2.75,2.62,2.62,2.25,2.62,1.38,0.38,0.0,0.0,0.0,0.25,0.0,0.0,0.0,0.0,0.0,3.0,1.62,1.62,3.0,0.0,0.0,2.38,-6590.0
27-2021,3.0,3.25,2.88,3.0,1.5,1.0,3.12,3.0,3.0,3.0,3.0,3.75,2.5,2.38,3.0,2.75,2.88,2.0,0.88,0.0,0.0,0.0,1.88,1.38,0.88,1.0,0.0,1.38,2.88,2.12,2.38,3.0,1.0,1.12,2.5,-190.0
27-2023,3.12,3.0,2.5,3.12,2.12,0.75,3.5,3.0,2.88,3.12,2.75,3.0,2.62,2.75,2.75,2.75,2.75,1.0,0.5,0.12,0.0,0.0,0.75,0.12,0.12,0.38,0.0,1.0,3.0,2.0,1.88,2.88,0.0,0.0,2.0,2610.0
27-2031,2.88,3.0,2.5,3.0,0.38,0.0,2.62,2.88,2.75,3.0,3.0,3.75,2.62,2.12,2.75,2.62,2.12,0.62,0.12,0.0,0.0,0.0,0.38,0.0,0.0,0.0,0.0,0.0,2.25,1.75,1.38,2.5,0.0,0.0,2.0,-1550.0
27-2032,3.25,3.88,3.0,4.0,1.0,0.5,3.5,3.25,3.38,3.62,3.75,4.0,3.0,2.88,4.25,3.12,3.12,2.88,0.88,0.0,0.0,0.25,0.5,0.0,0.0,0.0,0.0,0.62,3.12,2.75,2.75,3.38,0.75,1.12,3.5,-1400.0
27-2041,3.44,3.69,3.5,3.63,1.44,0.56,3.56,3.06,2.94,3.44,3.25,3.63,2.88,2.81,3.25,2.94,3.25,2.31,0.75,0.12,0.0,0.62,0.75,0.0,0.0,0.0,0.0,0.62,3.31,2.69,3.0,3.31,1.56,1.19,3.06,-11300.0
27-2042,3.0,3.06,2.69,3.06,0.69,0.0,3.06,2.88,2.5,3.13,3.06,3.31,2.62,2.25,2.62,2.56,2.44,1.37,0.62,0.0,0.0,0.0,1.25,0.5,0.0,0.44,0.0,0.88,2.81,2.12,2.12,2.56,0.44,0.5,1.88,2230.0
27-3011,3.88,4.0,4.0,4.38,1.25,0.0,3.88,3.25,2.38,3.38,3.75,3.5,2.88,2.88,2.12,3.0,3.0,1.25,0.62,0.75,0.0,0.38,2.0,1.75,0.62,0.75,0.62,1.62,3.12,2.0,2.0,3.12,0.62,0.62,2.12,-990.0
27-3041,5.12,4.0,5.0,4.0,2.38,0.0,4.0,3.88,3.0,3.38,3.5,3.38,3.38,3.5,3.12,2.75,3.12,1.5,0.62,0.0,0.0,0.75,1.5,0.25,0.0,0.0,0.0,3.25,3.38,3.12,2.75,4.0,0.75,0.5,3.38,-1380.0
27-3042,4.88,3.88,5.0,3.75,0.62,0.25,3.88,3.62,2.25,3.0,2.75,3.0,2.88,2.38,2.75,1.88,3.0,2.5,0.38,0.0,0.0,0.38,0.5,0.0,0.0,0.12,0.0,1.88,3.0,2.12,1.25,3.0,0.38,0.62,2.12,2550.0
27-3043,4.37,3.75,4.9350000000000005,3.69,1.19,0.81,3.75,3.5,2.685,3.185,3.25,3.06,3.25,2.69,2.5,2.435,3.19,1.935,0.75,0.25,0.0,0.62,1.125,0.815,0.0,0.0,0.0,0.625,3.25,2.25,2.25,3.0,0.94,0.88,1.875,2360.0
27-3091,4.0,4.25,4.0,4.0,1.25,0.12,3.88,3.0,3.12,3.75,3.62,3.0,2.38,2.25,3.0,3.12,3.0,0.75,1.0,0.0,0.0,0.12,1.38,0.0,0.0,0.25,0.0,1.25,3.0,2.12,2.12,3.0,0.38,0.38,2.5,9410.0
27-4011,3.62,3.25,3.12,3.12,2.0,0.0,3.75,3.0,3.0,3.38,3.0,3.12,2.5,2.5,3.0,3.12,3.0,1.62,1.75,2.25,2.12,1.25,3.12,3.0,2.38,2.88,2.5,3.0,2.88,2.88,2.75,3.0,1.0,1.75,2.75,13760.0
27-4012,3.62,3.62,3.12,3.25,2.88,1.0,3.38,3.12,3.0,3.62,3.0,3.0,2.38,2.12,2.88,2.25,3.25,2.0,2.25,3.0,2.0,1.88,3.62,3.0,2.88,3.12,2.62,3.25,3.12,3.0,2.88,3.12,1.25,1.5,2.88,2050.0
27-4014,3.5,3.5,3.12,3.12,2.0,0.38,3.62,3.12,2.88,3.5,3.0,3.12,3.12,2.88,2.88,3.0,3.25,0.5,1.88,2.62,0.5,1.0,3.0,3.0,2.62,2.75,2.5,3.0,3.0,3.0,3.12,3.0,1.38,1.75,2.62,-860.0
27-4021,3.12,3.62,2.88,3.25,1.75,1.5,3.25,3.12,2.88,3.12,3.0,3.0,3.0,2.88,2.88,3.12,3.0,2.88,1.62,2.25,0.38,0.62,2.25,2.0,1.0,1.75,0.75,2.5,3.0,2.38,2.38,3.0,0.88,1.12,2.88,-1630.0
27-4031,3.25,3.25,2.88,3.12,1.88,0.0,3.5,3.0,2.88,3.12,3.12,3.75,2.88,2.38,2.75,2.88,3.12,2.12,2.0,2.88,0.12,0.5,3.0,2.88,2.0,2.12,1.88,3.0,3.12,2.12,2.12,3.12,0.75,1.62,2.75,3190.0
27-4032,3.75,3.75,3.12,3.25,1.75,0.0,3.5,3.25,2.75,3.0,2.88,3.0,3.0,2.62,2.62,2.62,3.12,2.0,1.38,1.25,0.0,0.62,2.12,1.25,0.5,1.25,0.5,2.38,3.12,2.88,2.75,3.0,0.88,0.75,1.88,3110.0
29-1011,4.5,4.12,3.88,3.88,2.5,3.75,4.12,3.88,3.12,3.38,3.88,3.38,3.25,2.5,3.12,3.75,3.62,2.25,0.75,0.0,0.0,0.5,1.62,1.75,0.0,0.62,0.0,1.88,3.62,3.12,3.25,3.25,1.5,1.75,2.88,5180.0
29-1021,5.0,4.0,4.0,4.0,3.0,3.75,4.38,4.5,3.75,4.0,3.75,4.0,3.88,3.12,3.88,3.75,4.12,2.38,2.12,2.12,0.38,0.75,2.62,2.88,0.88,1.5,0.62,2.75,4.12,3.0,3.0,4.0,3.0,3.0,3.75,12740.0
29-1022,5.25,4.0,3.88,4.12,2.75,3.88,4.75,4.5,3.38,3.88,3.88,3.5,3.25,2.75,3.5,3.88,4.38,3.38,1.88,1.88,0.0,0.5,2.38,3.0,1.38,1.5,1.25,2.62,4.12,3.25,3.5,3.25,1.5,1.5,3.12,-470.0
29-1023,4.12,3.88,4.0,4.0,2.38,3.62,4.0,3.88,3.38,3.75,3.75,3.62,3.25,3.25,3.75,3.38,3.62,3.88,1.75,1.25,0.12,0.25,2.75,2.25,0.0,1.12,0.0,2.12,3.75,3.0,2.88,4.0,1.5,1.88,3.25,-200.0
29-1024,3.88,3.88,3.38,3.88,2.5,3.12,4.0,3.25,3.12,3.5,3.75,3.12,3.0,2.88,3.25,3.5,3.75,3.62,2.12,1.38,0.38,0.62,2.5,2.38,1.12,2.25,1.0,3.0,3.38,2.5,2.5,3.38,2.0,2.0,3.25,-140.0
29-1031,4.88,4.0,4.25,4.12,3.0,3.62,4.12,4.12,4.12,4.12,4.25,3.88,4.0,3.62,3.88,4.12,4.12,3.38,1.25,0.0,0.0,1.0,1.75,0.0,0.0,0.62,0.0,3.0,4.0,3.5,3.62,3.5,3.38,2.88,3.5,8180.0
29-1041,4.88,4.25,4.0,4.0,3.0,3.88,4.25,3.88,3.12,3.5,3.88,3.5,3.38,3.0,3.25,3.75,3.88,2.12,0.88,0.0,0.0,1.12,2.12,2.25,0.0,1.88,0.0,2.88,3.88,3.12,3.12,3.25,2.12,2.12,3.12,6080.0
29-1081,5.38,4.62,3.88,4.25,3.0,3.75,4.25,4.75,3.62,3.62,4.0,3.75,3.38,3.12,3.75,3.75,4.0,2.62,2.25,1.62,0.0,0.75,2.25,2.25,0.0,2.0,0.0,2.5,4.12,3.25,3.12,3.5,2.88,2.88,3.12,860.0
29-1124,3.88,3.88,3.25,3.5,2.88,3.0,3.75,3.0,3.0,3.38,3.62,3.12,2.75,2.5,3.38,3.25,3.0,2.62,1.0,2.62,0.0,1.12,3.38,3.5,2.75,2.75,2.12,3.38,3.12,2.75,2.75,3.25,1.0,1.38,2.88,1480.0
29-1125,3.88,4.0,3.88,3.88,2.0,2.0,4.0,3.38,3.38,3.62,4.0,3.75,3.75,3.25,3.75,3.88,3.5,2.88,1.12,0.25,0.0,0.75,2.0,1.5,0.0,0.88,0.0,1.25,3.38,2.75,2.5,3.38,1.5,1.62,3.0,1120.0
29-1126,4.0,3.88,3.5,4.0,2.88,3.5,4.0,3.62,3.0,3.88,3.75,3.0,2.88,2.88,3.0,3.62,3.12,2.12,1.38,2.25,0.0,0.5,3.0,3.0,2.38,2.12,2.12,3.0,3.5,2.88,3.0,3.12,1.38,1.62,3.0,12680.0
29-1128,4.5,4.0,4.0,4.12,3.0,3.0,4.0,3.88,3.75,4.0,3.88,3.62,3.62,3.0,3.75,4.0,3.5,2.12,1.75,1.25,0.25,1.12,2.38,1.75,0.25,1.25,0.25,2.0,3.88,3.12,3.12,3.12,1.0,1.12,3.0,620.0
29-1129,4.0,4.0,3.875,4.0,1.87,1.315,4.0,3.815,3.815,4.0,4.6899999999999995,3.315,3.25,3.125,3.31,4.0,3.565,1.685,1.125,0.875,0.0,0.63,1.5,0.0,0.0,0.6200000000000001,0.0,1.13,3.815,3.12,3.25,3.25,0.94,1.5,3.0,400.0
29-1131,4.88,4.25,4.12,4.25,3.12,4.12,4.25,4.38,3.0,3.75,3.88,3.5,3.0,2.88,3.62,3.62,3.75,2.75,1.0,1.12,0.0,0.25,2.38,1.5,0.12,1.0,0.0,2.12,4.12,3.12,3.25,3.5,2.0,2.0,3.0,12070.0
29-1151,4.25,4.0,3.5,4.0,3.25,3.88,4.0,4.0,3.5,4.0,3.88,3.88,3.12,3.12,3.75,4.0,4.25,3.0,1.0,2.75,0.0,0.38,3.25,2.88,2.12,2.5,2.12,3.12,4.12,3.12,3.12,3.38,1.75,2.12,2.88,6980.0
29-1161,4.12,4.12,4.0,4.12,2.62,3.25,4.38,4.12,3.38,4.12,4.12,3.75,2.88,2.62,3.75,4.12,3.75,2.25,0.88,0.25,0.0,0.62,2.12,1.0,0.0,0.62,0.0,2.0,3.88,3.0,3.25,3.25,0.88,1.38,2.88,1820.0
29-1181,5.0,4.5,4.25,4.38,3.0,3.25,4.25,4.38,3.88,4.12,4.5,3.5,3.0,2.75,3.88,3.75,3.88,3.0,1.5,2.62,0.25,1.0,3.0,2.12,2.0,2.62,2.12,3.12,4.0,3.12,3.25,3.0,1.62,1.75,3.0,1340.0
29-2031,4.12,3.88,3.5,3.62,2.5,2.88,3.75,3.38,3.0,3.75,3.25,3.0,2.25,2.5,3.25,3.25,3.12,0.62,0.88,2.12,0.0,0.62,3.12,3.0,2.38,2.5,2.25,2.5,3.25,2.75,2.62,3.0,0.75,1.25,2.75,5030.0
29-2032,3.88,4.0,3.38,3.62,2.25,2.88,3.5,3.12,3.0,3.25,3.12,3.12,3.0,2.75,3.25,3.12,3.0,2.0,1.25,2.12,0.0,0.25,3.12,3.0,2.62,2.75,2.25,3.0,3.12,2.5,2.12,3.25,0.88,1.0,2.5,13030.0
29-2033,4.0,3.75,3.38,3.75,3.0,3.5,3.62,3.12,3.0,3.5,3.62,3.25,2.75,2.38,3.38,3.25,3.0,1.12,0.75,1.88,0.0,0.88,2.88,2.75,2.12,2.25,2.0,3.12,2.88,2.5,2.25,3.0,1.0,1.38,2.75,-2210.0
29-2034,3.88,3.81,3.25,3.75,2.25,2.19,3.37,3.06,2.81,3.25,3.38,3.25,2.62,2.25,3.0,3.06,2.88,0.81,0.94,0.81,0.0,0.62,3.06,3.12,0.63,1.81,0.25,2.5,3.0,2.06,2.12,3.0,0.81,0.88,2.69,13960.0
29-2035,3.88,3.88,3.25,3.75,2.62,2.25,3.62,3.0,3.0,3.88,3.12,3.0,3.0,2.88,3.0,3.0,3.12,0.38,0.75,2.12,0.0,0.88,3.12,2.88,1.25,2.62,0.88,2.88,3.0,2.88,3.0,3.0,0.88,1.5,2.25,4770.0
29-2051,3.25,3.12,3.12,3.25,3.0,1.75,3.12,3.12,3.12,3.88,3.12,3.12,3.0,2.62,3.0,3.5,3.0,2.25,1.0,0.0,0.0,0.5,2.75,2.12,0.0,1.75,0.0,2.88,3.0,2.88,2.88,3.0,2.0,2.0,2.88,540.0
29-2053,4.0,3.88,3.12,4.0,1.88,1.5,3.88,3.25,3.5,3.88,4.38,3.38,3.25,3.25,3.25,3.5,3.25,0.75,0.88,0.12,0.0,0.5,1.75,1.62,0.0,0.88,0.0,1.88,3.12,2.88,3.0,2.88,1.0,1.25,3.12,13930.0
29-2055,3.75,3.88,3.0,3.0,2.75,2.12,3.12,3.0,3.12,3.5,3.0,3.5,2.5,2.25,3.0,3.12,3.0,1.88,1.12,2.38,0.0,0.12,3.0,2.75,2.88,2.25,2.25,3.0,3.0,2.75,2.62,3.0,1.88,2.38,2.5,10550.0
29-2056,3.75,3.88,3.0,3.75,2.62,2.88,4.0,3.0,3.0,3.5,3.0,3.0,2.88,2.88,2.88,3.0,3.12,1.5,1.0,2.0,0.0,0.75,2.75,2.5,2.25,2.25,1.88,2.75,3.12,2.75,2.75,2.88,1.5,2.0,2.88,17350.0
29-2061,4.12,4.0,3.12,4.0,2.88,2.62,4.0,3.25,3.12,4.0,4.25,4.0,2.88,3.0,3.12,4.0,3.0,1.5,1.0,0.12,0.0,0.25,2.5,2.0,0.0,1.0,0.0,1.75,3.25,2.88,2.88,3.25,0.62,1.12,2.88,1900.0
29-2081,3.75,3.62,3.12,3.75,2.75,1.0,3.62,2.88,2.88,3.0,3.12,3.0,3.12,2.88,3.0,3.25,2.88,1.62,1.25,0.62,0.0,0.38,2.12,1.88,0.0,1.75,0.75,2.38,2.88,2.25,2.38,2.75,1.12,1.38,2.62,-780.0
29-2091,4.38,4.25,4.12,4.12,3.12,3.25,4.12,4.25,3.5,3.62,3.88,3.38,3.12,2.5,3.38,3.75,3.88,3.62,3.12,2.25,0.0,0.75,2.88,2.12,1.0,2.0,1.12,3.25,3.62,3.0,3.12,3.0,0.62,1.75,2.62,2000.0
29-2092,3.38,3.88,3.0,3.62,2.62,0.88,3.62,3.12,3.0,3.0,3.25,3.0,3.25,2.75,3.25,3.75,3.0,0.62,1.38,2.0,0.0,0.62,2.62,0.75,2.0,2.12,2.25,2.88,3.12,2.88,3.0,3.0,1.12,1.62,2.25,2640.0
29-9091,3.88,4.0,3.88,4.0,2.12,1.88,4.12,4.0,3.88,4.12,4.0,3.0,3.25,2.5,3.75,3.62,3.38,2.25,1.75,0.75,0.0,0.25,2.25,1.75,0.38,1.38,0.0,2.62,3.75,3.0,3.0,3.0,1.12,1.5,2.62,6200.0
29-9092,4.75,4.0,4.25,3.88,2.75,3.12,4.12,3.88,3.25,3.0,4.0,3.0,3.0,3.0,3.25,3.12,3.75,0.38,0.62,0.0,0.0,0.5,1.5,0.0,0.0,0.0,0.0,0.25,4.0,3.0,3.12,3.12,0.62,0.12,2.88,210.0
31-2011,3.62,3.88,3.62,3.38,2.25,1.62,3.25,3.0,3.12,3.38,3.75,3.5,3.25,3.12,3.12,3.25,3.12,0.62,1.0,0.12,0.25,0.38,2.62,1.75,0.25,1.62,0.38,1.75,3.0,3.0,2.62,3.25,0.75,1.88,2.62,12760.0
31-2012,3.38,3.62,3.0,3.5,1.75,0.75,3.38,3.0,3.0,3.12,3.5,3.0,2.88,2.25,3.0,3.75,2.88,1.62,0.62,0.38,0.0,0.12,2.12,1.12,0.75,1.12,0.75,1.62,2.88,2.12,2.12,2.88,0.5,0.88,2.38,-1010.0
31-2021,3.88,4.0,3.12,3.88,2.0,2.12,3.88,3.12,3.12,3.88,3.75,3.12,3.12,2.12,3.38,3.75,3.0,1.62,1.25,1.62,0.0,1.0,2.62,1.88,0.88,2.12,1.0,2.75,3.0,2.88,2.75,3.0,0.88,0.88,2.62,19930.0
31-2022,3.0,3.12,2.75,3.0,1.88,1.75,2.88,2.75,2.75,3.25,3.5,3.12,2.38,2.12,2.88,3.0,2.75,1.0,1.25,0.25,0.0,0.25,2.38,2.0,0.88,1.88,0.0,1.75,2.12,2.0,1.62,2.38,0.25,0.38,2.12,540.0
31-9011,3.12,3.25,2.88,3.62,1.5,1.0,3.25,3.0,2.88,3.0,3.25,1.88,1.62,1.75,2.25,3.12,2.75,1.25,1.12,0.0,0.0,0.0,0.5,0.0,0.0,0.38,0.0,1.0,2.88,2.12,2.38,2.38,0.5,0.88,0.88,19570.0
31-9093,2.88,3.0,2.75,2.75,2.25,1.0,2.88,3.0,2.62,3.0,2.62,2.88,1.62,1.38,2.25,2.5,2.5,0.38,0.5,2.0,2.12,0.75,3.0,2.62,2.62,2.62,2.38,3.12,2.75,2.12,2.0,2.75,0.88,2.0,1.62,6350.0
31-9094,4.0,4.12,3.62,3.12,1.0,0.62,3.12,2.88,2.12,2.88,2.75,2.12,1.38,1.25,1.62,2.0,2.5,0.88,0.12,0.0,0.0,0.5,0.75,0.12,0.0,0.0,0.0,1.12,2.62,1.38,1.38,2.75,0.0,0.12,1.12,-5430.0
31-9095,3.25,3.0,2.5,2.88,2.38,0.5,2.88,2.5,2.25,2.62,2.88,2.75,1.75,1.62,2.0,3.12,2.38,0.5,0.62,0.38,0.0,0.5,1.62,1.0,0.5,0.88,0.12,1.75,2.25,1.5,1.12,2.25,0.88,1.38,1.62,-3960.0
31-9097,3.25,3.5,3.0,3.75,2.12,2.12,3.25,3.0,3.0,3.0,3.25,3.0,2.5,1.75,3.0,3.25,2.38,0.25,0.62,1.0,0.0,0.62,1.75,1.25,0.75,1.62,0.62,2.25,2.62,2.0,1.88,3.0,0.75,1.12,2.38,16340.0
31-9099,3.875,3.69,3.19,3.435,2.25,1.13,3.375,2.875,2.75,3.31,3.435,3.06,2.625,2.37,3.0,3.19,2.87,0.435,0.94,1.31,0.0,0.38,2.375,1.75,1.69,1.5,1.315,1.565,3.06,2.565,2.62,2.75,0.81,1.31,2.25,-5710.0
33-1011,4.0,4.0,3.62,4.0,2.0,0.5,4.0,3.25,3.12,4.25,4.0,4.0,3.62,3.12,3.38,3.0,3.25,1.62,0.62,0.0,0.0,0.5,2.0,1.62,0.0,1.0,0.0,1.88,3.25,3.12,3.12,3.88,1.25,1.88,4.0,1280.0
33-1012,4.0,4.12,3.88,4.0,2.62,1.12,4.12,3.88,3.88,4.38,4.0,4.0,4.0,3.5,4.0,3.38,4.0,2.62,0.88,0.0,0.0,1.0,2.38,2.12,0.0,1.12,0.0,2.0,3.62,3.25,3.38,4.12,3.0,2.88,4.0,19920.0
33-1021,3.94,3.94,3.75,4.0,3.19,2.25,4.12,3.88,3.63,4.38,3.69,4.12,3.44,3.0,3.62,3.5,4.0,3.0,1.06,2.25,0.0,0.56,3.12,3.12,2.56,2.62,2.19,3.25,4.0,3.5,3.56,3.88,1.88,2.31,3.94,9720.0
33-2011,3.5,3.5,2.94,3.19,2.25,1.63,3.75,3.0,3.0,3.69,3.06,3.81,3.0,3.0,3.06,3.25,2.94,1.0,1.0,2.63,0.06,0.25,3.12,3.06,2.81,2.94,2.88,2.69,3.25,3.0,2.88,3.0,0.94,1.87,2.75,15830.0
33-2021,4.06,4.06,3.81,3.94,2.81,3.19,4.06,3.62,3.0,3.44,3.19,3.25,3.06,2.81,3.0,2.94,3.5,1.44,0.81,0.69,0.0,0.88,2.81,2.38,0.44,2.44,0.25,2.75,3.81,2.94,3.06,3.12,1.12,1.19,2.56,2340.0
33-2022,3.38,3.25,3.0,3.38,2.38,1.75,3.88,3.25,3.12,3.38,2.88,3.75,3.12,2.88,3.0,3.0,3.25,1.0,0.88,1.38,0.0,0.62,2.62,2.38,1.38,2.12,1.12,2.25,3.25,3.12,3.12,3.38,1.12,1.75,3.38,530.0
33-3011,2.88,3.12,2.25,3.0,0.75,0.0,3.12,2.12,2.0,3.25,3.38,2.88,2.88,2.75,2.12,2.5,2.38,0.25,0.38,0.0,0.0,0.25,1.5,0.75,0.0,0.38,0.0,1.12,3.0,1.38,0.75,2.38,0.25,0.38,2.12,3340.0
33-3012,3.75,3.38,3.12,3.62,2.0,0.62,3.62,3.0,3.0,3.88,3.75,3.62,3.12,3.0,3.0,2.75,2.75,0.5,0.62,0.0,0.0,0.5,2.25,2.0,0.0,1.62,0.0,1.88,3.0,2.5,2.38,3.0,0.12,0.38,2.5,-11370.0
33-3021,4.12,4.06,3.75,4.0,2.38,1.75,4.12,3.5,3.0,3.25,3.25,3.25,3.12,3.12,3.12,3.06,3.88,1.81,0.88,0.32,0.0,0.81,2.5,2.31,0.0,0.75,0.0,1.62,3.81,2.75,3.0,3.0,1.0,1.06,2.5,-3100.0
33-3031,4.12,3.75,3.38,3.62,2.88,2.75,4.0,3.5,3.0,3.5,3.5,3.38,3.38,2.88,3.12,3.12,3.25,2.5,0.75,1.25,0.0,0.5,2.62,2.88,1.88,1.88,1.88,2.75,3.25,3.25,3.25,3.0,0.75,0.62,2.88,980.0
33-3041,2.88,3.0,2.38,3.0,1.75,0.0,3.0,2.38,2.38,3.0,2.88,2.75,2.12,2.12,2.75,2.88,2.38,0.38,0.38,1.12,0.0,0.75,2.12,2.25,1.62,2.0,1.0,2.0,2.25,2.12,1.75,2.62,0.38,0.38,2.38,-1030.0
33-3052,3.25,3.25,3.0,3.88,2.0,0.12,3.38,3.0,3.25,3.5,3.25,3.25,3.38,3.12,3.0,3.0,3.0,1.75,0.62,0.0,0.0,0.75,2.25,2.25,0.0,1.5,0.0,1.62,3.12,2.75,2.25,3.12,1.12,1.12,2.88,1310.0
33-9011,3.0,3.38,2.88,3.0,1.25,0.25,3.5,2.88,2.62,2.88,2.88,3.0,2.88,2.5,2.62,2.88,2.75,1.38,0.25,0.38,0.0,0.38,1.75,1.5,0.12,0.38,0.0,1.25,2.88,1.88,2.12,2.88,0.75,1.0,2.0,-1470.0
33-9021,4.0,4.12,3.62,3.88,2.12,0.62,4.12,3.38,2.12,3.5,3.5,2.88,3.0,2.88,2.25,2.88,3.0,1.5,0.62,0.38,0.0,1.0,0.88,1.38,0.0,0.38,0.0,1.25,3.38,2.88,2.88,3.0,1.12,1.0,2.0,8120.0
33-9031,3.5,3.25,3.12,3.62,1.75,0.25,3.75,3.12,2.88,3.88,2.88,3.0,2.38,2.38,3.0,2.38,2.5,0.5,0.62,0.0,0.0,0.38,2.12,1.62,0.0,0.75,0.25,1.88,3.12,2.25,2.38,3.0,0.62,0.62,2.5,250.0
33-9091,2.0,2.75,1.75,2.5,0.62,0.0,2.5,1.62,0.88,2.62,2.5,2.5,1.75,1.38,1.5,2.62,1.88,0.25,0.0,0.0,0.0,0.0,0.62,0.0,0.0,0.38,0.0,0.25,2.5,0.88,0.75,1.62,0.38,0.5,1.0,18610.0
33-9092,2.88,3.12,2.62,3.0,0.62,0.62,3.0,2.75,3.0,3.5,3.25,2.88,2.5,2.0,2.5,3.12,2.62,0.25,0.0,0.5,0.0,0.0,1.25,0.5,0.25,0.75,0.25,1.5,3.0,1.12,1.38,1.88,0.12,0.38,2.0,8870.0
33-9093,3.0,3.5,2.62,3.0,1.62,1.0,3.5,3.0,2.75,3.12,3.0,3.38,3.0,2.5,2.88,2.75,2.75,1.38,0.0,1.62,0.0,0.88,2.88,2.5,1.5,1.88,1.25,2.5,2.88,2.0,2.38,2.12,1.0,1.12,2.38,3510.0
35-1011,3.25,3.62,3.0,3.88,3.12,0.75,3.88,3.75,3.25,4.12,3.75,4.0,3.75,3.75,3.12,3.12,3.25,2.38,1.12,1.88,0.0,0.5,2.75,2.0,1.12,1.75,1.0,3.12,3.25,3.0,3.0,3.88,3.12,3.25,3.75,10060.0
35-2011,2.62,2.38,2.0,2.12,1.62,0.0,2.38,2.25,1.62,2.25,2.62,2.12,2.12,2.12,2.0,2.12,2.12,0.38,0.25,0.0,0.0,0.0,1.75,1.5,0.0,0.0,0.0,1.25,2.12,1.25,1.12,2.12,0.62,0.38,1.5,7310.0
35-2012,2.88,3.0,2.62,2.88,2.75,0.0,2.88,2.88,2.75,3.0,2.88,3.12,2.5,2.0,2.75,3.0,2.88,1.62,0.75,0.62,0.0,0.0,2.38,2.0,0.25,1.12,0.0,2.5,2.88,2.0,2.12,3.0,1.88,2.62,3.0,-320.0
35-2013,3.0,2.88,2.5,3.0,2.0,0.5,3.0,3.12,2.25,3.0,2.88,2.88,2.62,1.75,0.62,3.62,2.88,2.0,0.75,0.62,0.0,0.25,2.0,1.88,0.0,1.25,0.0,2.12,2.75,2.0,1.88,2.88,2.62,3.0,2.5,-170.0
35-2021,2.12,2.38,2.12,2.12,1.88,0.0,2.12,2.12,2.12,2.12,2.12,2.12,2.0,1.75,2.12,2.12,2.12,0.25,0.12,0.12,0.0,0.0,1.88,1.38,0.0,1.38,0.0,1.88,2.12,1.25,1.25,2.25,0.62,0.88,1.88,13520.0
35-9021,2.12,2.25,1.75,2.12,1.0,0.0,2.12,2.0,1.25,2.12,2.0,2.12,1.88,2.0,1.38,2.0,2.12,0.25,0.12,2.0,0.0,0.0,2.12,2.12,2.0,2.0,2.0,2.0,2.12,1.12,1.12,2.12,0.75,0.88,2.0,12050.0
37-1011,3.25,3.12,3.0,3.38,2.12,0.0,3.25,2.88,3.0,3.88,3.38,3.5,3.12,3.0,3.12,3.12,2.88,1.5,0.38,1.12,0.0,0.0,2.0,1.75,1.75,1.88,1.38,2.62,2.88,2.12,2.38,3.75,2.5,3.0,3.88,-13410.0
37-1012,3.62,3.88,3.0,4.0,2.88,1.0,3.75,3.0,3.0,3.75,3.62,3.75,3.0,3.0,3.0,3.12,3.0,2.12,1.0,1.62,0.38,0.75,3.0,2.88,2.12,2.12,1.88,2.88,3.0,2.88,2.88,3.88,2.25,2.88,3.88,2390.0
37-2011,2.0,2.25,1.5,2.12,0.0,0.0,2.12,2.0,0.88,1.88,2.12,2.12,1.88,1.5,1.12,2.38,2.0,0.38,0.0,1.0,0.0,0.0,2.0,1.38,1.88,1.62,1.12,1.25,2.12,0.75,0.5,2.12,0.0,0.25,1.38,7720.0
37-2012,2.12,2.12,2.0,2.12,1.0,0.0,2.12,1.62,1.5,2.0,2.12,2.62,2.12,2.12,2.12,2.62,2.12,0.25,0.0,0.25,0.0,0.0,1.38,0.62,0.0,0.88,0.0,1.75,2.12,1.0,1.0,2.25,0.62,0.88,2.0,-2580.0
37-2021,3.0,3.0,3.0,3.0,2.62,1.75,3.38,2.88,2.75,3.0,2.88,3.0,3.0,2.88,2.88,3.0,3.0,1.25,0.62,1.88,0.0,0.0,2.75,2.62,1.88,2.0,1.88,2.38,2.88,2.62,2.0,3.0,2.0,2.0,2.88,11810.0
37-3012,2.88,3.0,2.25,3.0,2.0,1.38,2.88,2.38,2.0,2.75,2.5,2.75,2.38,1.75,2.12,2.25,2.88,0.38,0.38,1.88,0.0,0.0,2.88,3.0,2.25,2.12,1.88,2.25,2.88,2.0,2.0,2.88,1.12,1.25,2.25,1990.0
37-3013,2.5,2.62,2.5,2.75,1.38,0.88,3.0,2.12,2.0,3.0,2.5,3.12,2.12,2.0,3.0,2.5,2.75,0.38,0.62,2.12,0.38,0.0,3.0,3.12,2.38,2.25,2.0,2.62,2.5,2.0,1.62,3.0,1.0,1.0,2.62,7570.0
39-2011,3.12,3.0,2.75,3.0,1.62,1.38,3.38,3.12,3.88,3.5,3.0,3.0,2.88,2.25,3.12,3.0,2.75,1.0,0.75,0.12,0.0,0.12,1.5,1.75,0.0,1.25,0.0,2.12,2.88,2.62,2.62,2.75,1.5,1.75,2.5,5360.0
39-3011,2.62,3.0,2.25,2.88,2.0,0.0,2.88,2.38,2.0,3.0,2.75,2.75,2.38,2.25,2.62,2.88,2.0,0.0,0.12,0.0,0.0,0.0,0.88,0.25,0.12,0.38,0.0,1.0,2.38,0.88,1.12,2.5,0.5,0.25,1.75,2830.0
39-3012,3.12,3.12,2.75,2.88,2.75,0.25,2.88,2.5,2.12,3.12,2.88,3.0,2.5,2.0,2.25,2.62,2.25,0.12,0.0,0.0,0.0,0.38,1.75,0.75,0.0,0.75,0.0,1.62,2.5,1.75,1.0,2.12,1.12,0.88,2.62,-2190.0
39-3021,3.0,3.0,2.75,2.88,0.5,0.0,2.75,2.12,2.0,2.88,2.25,2.62,2.0,2.0,1.88,2.5,2.25,1.62,0.25,2.0,0.5,0.62,3.0,2.75,2.62,2.75,2.25,2.62,2.25,1.25,1.12,2.62,0.0,0.5,1.62,-1750.0
39-3092,3.12,3.12,2.38,3.0,1.0,0.0,2.88,2.25,1.62,3.0,3.0,3.12,2.38,2.38,2.0,2.75,2.38,2.12,0.62,0.12,0.0,0.0,1.25,1.25,0.0,0.75,0.0,1.5,2.38,1.62,1.75,2.25,1.38,1.38,2.12,1190.0
39-3093,2.38,2.88,2.12,2.75,0.38,0.0,2.75,2.0,0.38,2.38,2.62,2.38,2.25,2.0,1.62,2.62,2.0,0.25,0.0,0.25,0.0,0.0,0.62,0.5,0.0,0.0,0.0,0.25,2.25,0.0,0.38,2.12,0.0,0.5,1.38,-1840.0
39-4011,3.38,3.75,3.0,3.75,2.0,2.25,3.12,3.0,2.75,3.12,3.88,3.0,2.12,2.62,2.62,3.0,3.0,1.88,1.0,1.0,0.0,0.25,2.12,2.25,1.0,1.62,1.0,1.88,3.0,2.12,2.12,3.12,1.12,1.25,2.75,240.0
39-4021,2.62,3.0,2.38,3.0,1.25,0.5,2.75,1.5,1.38,2.88,3.25,3.0,1.88,1.25,1.25,3.0,2.0,0.75,0.5,0.62,0.0,0.12,1.25,1.62,1.25,1.12,0.38,1.25,2.62,1.12,1.0,2.5,1.12,1.38,1.25,-580.0
39-4031,3.88,4.0,4.0,4.0,2.62,1.75,3.88,3.25,2.88,3.75,4.75,4.0,3.75,3.62,3.12,4.12,3.25,2.75,0.75,0.38,0.0,0.5,3.0,2.75,0.0,1.25,0.0,2.75,3.25,3.0,3.12,3.62,2.75,2.88,3.62,280.0
39-5011,2.12,3.0,2.0,2.75,1.12,0.25,2.75,2.5,1.62,2.75,2.88,2.38,2.0,1.5,0.75,3.0,2.12,1.25,0.5,1.25,0.0,0.0,1.5,1.5,1.0,1.12,0.88,1.62,2.12,0.88,0.75,2.75,1.12,1.12,1.75,5890.0
39-5091,3.25,3.25,2.75,3.12,2.12,0.62,3.25,3.25,2.5,3.12,3.0,3.12,2.62,2.38,2.75,2.88,2.75,2.62,0.88,0.62,0.0,0.25,1.5,0.0,0.0,0.62,0.0,2.25,3.0,2.38,2.25,2.88,2.75,2.5,2.25,790.0
39-5093,2.25,2.62,2.0,2.5,1.12,0.0,2.12,2.0,1.75,2.38,2.62,2.62,1.62,1.62,2.0,2.75,1.88,0.25,0.38,0.38,0.0,0.0,1.62,0.38,0.0,0.62,0.0,0.62,2.12,0.75,0.75,2.25,0.5,0.38,1.62,-4440.0
39-5094,3.12,3.12,2.75,3.0,0.62,0.62,3.0,2.88,2.75,3.0,2.88,2.88,2.5,2.38,2.75,3.38,2.88,1.75,0.38,1.0,0.0,0.0,1.62,0.88,0.0,0.5,0.0,1.12,3.12,1.88,1.88,2.75,0.12,0.5,2.0,18370.0
39-6011,2.62,3.12,2.12,2.62,1.88,0.0,2.75,2.12,2.0,2.25,2.38,2.75,2.12,2.12,2.5,3.0,2.12,0.25,0.25,0.5,0.0,0.25,2.12,2.12,0.75,1.75,0.75,1.62,2.25,2.0,2.12,2.25,1.0,1.0,2.25,-4380.0
39-6012,3.25,3.88,2.88,3.38,2.0,0.0,3.62,2.88,2.12,3.0,3.12,3.0,2.88,2.88,2.0,4.0,2.62,0.5,0.75,0.0,0.0,0.38,0.62,0.38,0.0,0.0,0.0,0.38,2.75,2.0,1.88,2.75,0.88,1.12,2.12,10620.0
39-9041,3.38,3.88,3.0,3.88,2.0,0.38,4.0,3.0,2.88,3.62,3.5,3.38,3.0,3.0,3.0,3.12,3.0,1.75,0.88,0.0,0.0,0.5,2.0,1.0,0.0,0.88,0.0,1.25,3.12,2.88,2.75,3.25,2.0,2.12,3.0,12180.0
41-1012,4.12,4.0,4.0,4.0,3.0,0.0,3.88,3.62,3.62,4.25,4.0,4.0,3.88,3.75,4.0,3.12,3.62,2.12,0.5,0.0,0.0,0.62,1.0,0.88,0.0,0.12,0.0,2.0,3.88,3.12,3.5,4.0,3.0,3.0,4.0,320.0
41-2012,3.0,3.0,2.62,2.75,2.5,0.0,2.88,2.12,2.12,2.5,2.12,2.38,2.25,2.12,2.12,2.88,2.25,0.25,0.0,1.0,0.0,0.38,2.12,1.75,1.0,1.75,1.62,2.0,2.12,1.62,1.5,1.75,1.12,1.0,2.12,1710.0
41-3041,3.75,4.0,3.0,3.12,2.5,0.25,3.75,3.12,2.25,2.88,3.12,2.88,3.5,3.25,2.62,4.0,2.88,1.25,0.88,0.12,0.0,0.75,0.75,0.62,0.0,0.0,0.0,0.25,3.0,2.0,2.0,2.88,2.0,0.75,1.62,1920.0
41-9011,3.25,3.62,3.0,3.88,1.88,0.0,3.0,3.0,2.75,3.12,3.25,3.25,3.88,2.88,3.0,3.12,2.38,2.0,0.88,0.0,0.0,0.12,2.0,0.88,0.0,1.62,0.0,1.88,2.62,2.0,2.12,2.88,0.62,0.88,2.38,-5840.0
41-9012,2.0,2.62,2.0,2.12,0.25,0.0,1.88,1.62,0.12,1.75,2.62,2.0,1.75,1.75,0.38,1.62,1.75,0.38,0.5,0.0,0.0,0.0,0.0,0.0,0.0,0.0,0.0,0.12,1.88,0.75,0.12,2.0,0.0,0.0,0.75,-2820.0
41-9021,4.12,4.0,3.5,4.0,3.0,0.12,3.88,3.75,2.0,3.38,3.12,2.88,4.0,4.0,2.25,3.25,2.88,1.0,0.38,0.0,0.0,0.5,0.75,1.0,0.0,0.62,0.0,2.25,4.0,2.25,2.38,3.0,2.0,0.88,2.75,4010.0
41-9022,4.0,4.0,3.5,4.0,3.25,0.12,4.0,3.25,2.38,3.0,3.75,3.62,4.12,3.88,3.0,3.75,3.0,1.25,0.62,0.0,0.0,0.62,1.5,1.5,0.0,0.88,0.0,2.0,3.75,2.75,3.0,3.12,2.12,1.38,2.75,4670.0
41-9031,4.75,4.25,4.0,4.12,3.75,2.25,4.0,3.88,3.5,3.62,4.0,3.62,4.25,4.0,3.38,3.88,3.75,2.75,3.0,0.75,0.0,1.88,2.0,1.75,0.0,2.38,0.0,2.5,4.0,3.75,3.75,3.25,2.12,2.62,3.0,-4530.0
41-9091,2.75,3.12,2.75,3.38,1.12,0.0,3.12,2.62,2.0,2.88,3.12,3.12,4.0,3.38,2.12,3.12,2.25,1.12,0.75,0.0,0.0,0.62,0.38,0.62,0.0,0.0,0.0,0.12,2.88,1.75,2.0,2.88,0.88,1.25,1.38,1320.0
43-2021,2.75,3.5,2.5,3.38,1.38,0.0,3.25,2.0,1.88,2.38,2.88,2.25,2.0,1.88,1.62,3.38,2.62,0.75,0.5,0.0,0.0,0.62,1.12,0.25,0.0,0.0,0.0,0.12,1.88,1.5,1.25,2.0,0.62,0.5,1.5,-5480.0
43-3041,3.0,3.25,3.0,3.12,2.88,0.0,3.25,2.25,2.12,3.0,2.75,2.88,2.0,2.75,2.75,3.0,2.0,0.12,0.0,0.0,0.0,0.25,0.88,0.62,0.0,0.0,0.0,1.75,2.38,1.12,1.0,2.5,0.38,0.12,1.88,-2020.0
43-3061,3.88,4.0,3.25,3.75,2.38,0.0,3.62,3.5,2.25,3.38,3.0,2.88,2.38,3.62,2.38,3.0,3.0,1.25,0.38,0.0,0.0,0.5,0.5,0.25,0.0,0.25,0.0,0.88,3.25,2.25,2.0,3.0,2.5,2.12,2.62,-4160.0
43-4011,3.75,3.88,3.5,3.62,3.5,0.0,3.62,3.0,2.75,3.0,3.0,2.88,2.12,2.5,2.0,3.12,2.88,0.75,0.0,0.0,0.0,1.75,1.12,0.25,0.0,0.0,0.0,0.12,2.88,2.12,2.25,3.12,1.25,1.0,2.12,-9250.0
43-4021,3.88,3.88,4.0,3.38,2.38,0.38,3.75,2.75,2.25,2.62,3.12,3.0,2.88,2.88,1.88,3.0,2.88,0.88,0.25,0.0,0.0,0.5,0.5,0.25,0.0,0.0,0.0,0.88,3.0,2.12,2.25,3.12,0.75,0.38,2.5,-1330.0
43-4061,4.0,4.0,3.62,4.0,1.75,0.38,3.75,3.0,2.38,3.12,3.5,3.0,3.0,3.0,2.62,3.75,3.0,0.12,0.12,0.0,0.0,0.5,0.38,0.0,0.0,0.0,0.0,0.0,3.0,2.62,2.12,3.0,0.38,0.0,2.38,17380.0
43-4111,3.62,4.0,3.38,4.0,2.12,0.0,3.25,3.0,2.88,3.12,3.25,3.0,3.12,3.12,2.88,3.25,3.12,1.62,0.38,0.0,0.0,1.12,1.12,0.0,0.0,0.0,0.0,0.12,2.75,2.25,2.25,3.25,0.88,0.88,2.88,-2140.0
43-4121,3.25,3.0,3.0,3.0,2.12,0.0,2.88,2.12,2.12,2.75,2.75,2.88,2.12,2.12,2.5,3.0,2.12,0.25,0.38,0.0,0.0,0.5,1.0,0.0,0.25,0.25,0.25,1.25,2.25,1.88,1.75,2.5,1.12,1.62,2.12,-14890.0
43-4131,4.0,4.0,3.88,4.0,3.12,0.25,4.0,3.5,2.75,3.0,3.12,3.0,3.12,3.0,3.0,3.25,3.0,2.12,0.75,0.0,0.0,1.12,1.62,0.0,0.0,0.62,0.0,1.0,3.75,2.75,2.62,3.12,1.25,0.25,2.25,-3910.0
43-4141,3.62,4.0,3.0,3.88,3.0,0.0,3.5,2.62,2.12,3.0,3.0,2.88,2.88,2.0,2.0,3.38,2.62,0.38,0.25,0.0,0.0,0.75,0.75,0.25,0.0,0.0,0.0,0.62,3.0,2.0,2.0,2.5,0.5,0.12,1.75,-8840.0
43-4181,3.12,4.0,3.0,3.25,2.5,0.0,3.62,3.0,2.62,2.88,3.12,3.0,3.0,2.88,2.75,3.75,3.0,1.0,0.5,0.0,0.0,0.88,1.62,0.5,0.0,0.5,0.0,1.12,3.0,2.25,2.25,3.0,0.38,0.5,2.0,-14600.0
43-5011,3.185,3.19,3.125,3.19,2.75,0.0,3.5,2.935,2.44,3.185,3.06,3.125,3.065,3.25,2.625,3.125,3.0,1.19,0.5,0.375,0.125,0.565,1.56,0.625,0.31,0.69,0.25,1.19,2.935,2.62,2.62,3.125,1.38,1.69,2.435,18330.0
43-5021,2.88,2.88,2.75,2.62,2.12,0.12,2.62,2.25,1.88,2.12,2.38,2.38,1.75,1.75,1.62,2.62,2.38,0.38,0.38,0.12,0.0,0.0,2.12,2.25,1.0,1.5,0.12,1.38,2.0,1.88,1.62,2.75,0.75,0.62,1.38,2960.0
43-5031,3.62,4.12,3.25,4.12,1.88,0.62,3.88,3.0,3.0,3.12,3.88,3.5,3.25,3.12,3.0,3.38,3.12,1.88,0.75,0.0,0.0,0.88,2.0,0.75,0.0,1.5,0.0,1.62,3.12,2.75,2.12,3.12,1.25,1.25,2.62,-1070.0
43-5032,3.25,3.88,2.88,3.88,2.0,0.12,3.75,2.88,2.75,3.25,3.0,3.62,2.88,2.75,2.5,2.88,3.0,0.75,0.75,0.0,0.0,0.38,1.75,0.38,0.0,0.62,0.0,1.88,2.88,2.75,2.75,3.12,1.0,1.38,2.75,9030.0
43-5041,2.88,3.0,2.75,3.0,2.12,0.12,2.75,2.12,2.5,2.88,2.12,2.12,2.12,2.12,2.38,2.75,2.62,0.62,0.62,1.12,0.25,0.88,2.38,2.38,1.12,1.88,1.0,2.12,2.5,1.88,1.75,2.62,1.0,1.0,1.88,-5760.0
43-5051,3.12,3.12,3.0,3.0,2.5,0.0,3.25,2.0,2.0,2.5,2.38,2.25,2.5,2.0,2.0,3.0,2.5,0.5,0.5,0.0,0.0,0.62,1.62,1.0,0.0,1.5,0.0,2.0,2.12,1.88,1.25,2.62,1.62,1.25,2.0,9260.0
43-5111,3.0,3.0,3.0,3.0,2.75,0.75,3.0,2.75,2.5,3.12,2.88,3.0,2.25,2.12,2.38,3.0,2.75,0.5,0.5,1.25,0.0,1.12,2.25,1.75,1.25,1.38,1.25,2.75,2.88,2.12,2.12,2.88,1.12,1.0,2.75,-8510.0
43-9031,4.0,3.75,3.62,3.62,2.12,0.0,3.88,3.0,3.0,3.5,3.0,3.38,2.88,2.75,3.62,3.0,3.62,2.88,1.75,1.62,0.0,2.62,1.88,1.38,1.0,1.25,1.25,2.38,3.0,2.88,2.75,3.5,1.75,1.62,2.88,-4570.0
43-9041,3.69,3.75,3.0,3.75,2.94,0.06,3.5,2.62,2.06,2.75,2.62,2.44,2.06,2.06,1.94,2.88,2.81,0.25,0.0,0.0,0.0,0.69,0.63,0.32,0.0,0.0,0.0,0.69,3.0,1.94,1.75,2.62,0.81,0.75,1.44,4330.0
43-9051,2.62,2.75,2.75,2.75,2.0,0.12,2.88,2.12,2.0,2.88,2.62,2.88,1.5,1.12,1.88,1.88,1.88,0.12,0.25,0.88,0.0,0.5,2.5,2.88,1.0,1.38,0.88,2.12,2.62,1.88,1.38,2.62,0.88,0.75,1.62,-15610.0
43-9081,4.25,3.12,4.0,3.12,1.0,0.12,3.0,2.38,1.38,2.75,1.88,2.12,1.5,1.0,1.25,0.88,2.38,0.38,0.0,0.0,0.0,0.25,0.0,0.0,0.0,0.0,0.0,1.88,2.25,1.0,1.12,2.5,0.0,0.0,0.88,-2770.0
43-9111,4.0,3.62,3.75,3.75,4.88,2.5,3.88,3.75,3.0,3.0,2.88,2.75,2.62,2.62,2.88,2.75,3.38,1.38,1.0,0.0,0.0,3.5,0.75,0.0,0.0,0.0,0.0,1.75,3.0,2.5,2.62,3.0,0.5,0.38,2.0,-4300.0
45-1011,3.72,3.72,3.38,3.66,2.69,2.12,3.59,3.31,3.12,3.81,3.56,3.75,3.37,3.03,3.06,2.94,3.28,2.59,0.78,2.29,0.03,0.47,3.25,3.22,2.47,2.62,2.41,3.03,3.47,3.22,3.16,3.69,2.91,2.94,3.78,4030.0
45-2011,4.0,3.62,3.62,3.88,2.75,2.75,4.0,3.38,3.0,4.12,2.75,3.0,2.88,2.75,2.88,2.88,3.25,1.38,0.75,0.12,0.0,0.5,3.38,2.38,0.0,1.5,0.0,3.88,3.38,3.25,3.25,2.88,0.75,1.0,2.25,-40.0
45-2021,2.88,3.0,2.75,2.75,2.12,2.88,3.25,2.75,2.0,3.0,2.38,2.25,2.38,1.5,1.62,2.12,2.88,1.25,0.25,0.5,0.0,0.5,2.75,2.62,0.0,1.62,0.0,2.75,3.0,2.25,1.88,2.75,1.62,1.75,1.75,500.0
45-2041,1.62,2.25,1.38,2.25,0.88,0.25,2.25,1.5,0.88,2.12,1.75,2.5,1.5,1.12,0.88,1.25,1.62,0.0,0.0,0.0,0.0,0.0,1.0,0.62,0.0,0.5,0.0,1.0,1.88,1.25,0.88,1.88,0.12,0.12,0.62,-1760.0
45-2091,1.88,2.88,1.75,2.62,1.12,0.62,2.75,1.88,1.0,2.25,2.12,2.5,1.75,1.38,2.0,1.62,2.38,0.12,0.5,2.0,0.38,0.0,3.62,3.75,3.0,3.0,3.0,2.75,2.12,1.38,1.25,2.12,0.5,0.75,2.25,890.0
45-2093,2.75,3.0,2.75,2.88,1.75,1.38,3.0,2.38,2.12,3.25,2.12,3.0,2.0,2.0,2.5,2.0,2.25,0.38,0.38,2.12,0.0,0.0,3.0,3.0,2.62,2.5,2.62,2.75,3.0,2.12,2.12,2.88,0.75,1.38,2.12,5090.0
45-4011,3.12,2.88,2.5,3.0,2.12,1.5,3.12,2.62,2.62,3.12,2.88,3.38,2.5,2.0,2.5,2.62,2.75,1.5,0.75,2.12,0.0,0.62,2.88,2.88,2.0,2.0,2.0,2.12,2.88,2.62,2.25,2.62,1.38,1.75,2.38,-110.0
45-4021,1.75,2.38,1.25,2.38,1.5,1.25,3.0,2.0,0.75,2.75,1.88,2.88,2.12,1.75,1.5,1.25,2.5,1.38,0.0,2.38,0.0,0.0,2.5,2.88,2.5,2.5,2.25,2.5,2.62,0.12,1.12,2.12,1.0,1.0,1.5,-1200.0
45-4022,2.25,2.25,2.38,2.25,1.88,0.5,2.75,2.12,2.0,3.0,2.25,2.75,2.12,2.12,2.25,2.12,2.12,0.5,0.25,2.0,0.12,0.0,3.88,4.0,3.0,3.0,3.0,3.0,2.5,2.0,2.12,2.75,1.0,1.0,2.25,20.0
45-4023,2.88,2.88,3.0,2.88,2.75,0.75,3.0,2.75,2.12,3.0,2.75,3.0,2.75,2.62,2.5,2.5,2.75,0.62,0.38,1.0,0.0,0.5,2.62,2.25,1.0,1.38,0.75,2.5,3.0,2.25,2.12,2.88,0.88,1.5,1.88,520.0
47-2011,3.0,3.0,2.88,2.88,2.0,1.88,3.12,3.0,2.75,3.12,2.62,2.75,2.12,2.12,2.38,2.25,3.12,2.5,1.0,2.75,1.5,0.0,3.38,3.5,3.0,3.0,3.12,3.25,3.12,2.38,2.25,3.0,0.62,1.5,2.38,-1390.0
47-2021,2.38,2.75,2.12,2.5,3.38,1.25,3.0,2.12,2.12,2.88,2.25,3.12,2.25,2.12,2.12,2.12,2.25,1.62,0.75,2.0,0.12,0.0,2.25,2.12,2.0,2.0,1.88,2.88,2.12,2.12,2.12,2.62,1.0,1.75,2.12,1310.0
47-2022,2.5,3.0,2.62,2.62,2.62,0.75,3.0,2.62,2.38,2.75,2.25,3.5,2.62,2.62,2.62,2.62,2.88,1.62,1.12,2.0,0.0,0.0,2.38,2.62,1.88,2.0,2.0,2.75,2.5,2.25,2.38,2.75,1.38,1.88,2.25,1140.0
47-2041,2.25,2.12,1.75,2.25,3.38,0.0,2.88,2.12,2.62,2.88,2.25,3.12,1.88,1.75,2.62,2.88,2.75,1.5,1.0,2.0,0.62,0.0,2.12,2.12,1.62,1.88,1.62,2.62,2.5,1.88,1.88,2.38,0.88,1.5,1.88,-40.0
47-2042,2.38,3.0,2.25,2.62,2.12,0.38,2.88,2.5,1.88,3.12,2.25,3.12,2.5,2.25,2.5,2.38,2.5,1.38,0.38,0.88,0.0,0.0,2.12,2.12,0.0,0.88,0.0,1.5,2.25,1.25,1.25,2.38,0.12,0.25,1.75,6460.0
47-2043,2.38,2.75,1.88,2.25,1.5,0.12,2.38,2.25,1.88,2.75,2.0,3.0,1.75,1.62,2.12,2.25,2.5,0.38,0.38,1.75,0.0,0.0,2.5,2.75,2.0,2.0,2.0,2.38,2.25,1.38,1.25,2.62,0.38,0.75,1.62,430.0
47-2044,2.75,2.75,2.25,2.75,3.12,0.38,3.12,2.5,2.25,2.62,2.62,3.25,2.5,2.75,2.75,2.5,2.62,1.62,1.12,2.0,0.25,0.0,2.75,2.62,2.25,2.38,1.88,2.38,2.5,1.88,2.0,2.75,1.12,1.62,2.38,8880.0
47-2053,1.75,2.0,1.62,2.0,2.25,0.62,2.38,2.12,2.12,2.62,2.0,3.12,1.75,1.62,2.0,1.88,2.38,1.0,0.38,2.0,0.25,0.0,2.0,2.5,1.75,1.88,1.75,2.38,2.25,1.75,1.5,2.5,0.62,1.0,1.88,-280.0
47-2071,2.12,2.75,1.62,2.25,2.0,0.12,2.88,2.12,2.12,2.88,1.75,3.12,1.75,1.62,2.0,1.88,2.5,0.62,0.75,2.12,0.88,0.0,3.12,3.12,3.0,2.88,3.0,2.88,2.5,1.88,1.88,2.12,0.5,0.62,1.62,-9170.0
47-2072,2.25,2.75,1.88,2.38,1.38,0.38,3.0,2.0,1.62,2.88,2.0,3.12,1.62,1.62,2.12,1.75,2.25,0.12,0.5,1.88,0.0,0.0,3.62,3.75,3.12,3.0,2.88,2.88,2.5,1.25,1.25,2.75,0.5,0.75,1.38,70.0
47-2081,2.75,2.38,1.88,2.25,2.12,0.12,2.62,2.0,1.88,2.62,2.25,3.12,1.62,1.5,2.12,1.62,2.5,1.5,0.75,1.88,1.12,0.0,2.25,2.38,1.38,1.88,1.12,2.25,2.5,1.88,1.5,2.62,0.62,0.75,2.0,17830.0
47-2082,2.12,2.62,2.0,2.12,0.62,0.25,2.38,2.0,2.0,2.62,2.12,2.38,2.0,1.75,1.88,2.12,2.25,1.12,0.12,0.88,1.0,0.0,2.12,2.0,0.75,1.38,0.88,1.88,2.38,1.38,1.25,2.62,0.0,0.88,2.0,1150.0
47-2121,2.88,2.88,1.88,2.75,2.38,0.5,2.88,2.12,1.88,3.0,2.62,3.0,1.5,1.38,2.12,2.0,2.38,1.62,0.88,1.5,1.38,0.0,2.62,2.88,0.5,1.62,0.62,2.38,2.38,1.75,1.88,2.5,0.88,0.75,2.0,9580.0
47-2131,2.25,2.25,2.12,2.25,1.88,0.0,2.75,2.12,2.0,2.75,2.25,2.75,2.12,2.0,2.12,2.12,2.12,1.12,1.0,1.88,0.38,0.0,2.88,3.0,1.88,2.0,1.88,2.62,2.38,1.75,1.75,2.38,1.0,1.0,2.12,9370.0
47-2132,3.0,3.0,2.5,2.75,1.75,0.62,2.88,2.75,2.25,3.0,2.62,2.88,1.88,2.0,2.25,2.12,2.62,1.62,0.62,0.5,0.88,0.0,2.62,2.5,0.12,1.88,0.5,2.12,2.75,1.5,1.5,2.75,0.62,1.5,1.88,-1990.0
47-2142,2.38,2.5,2.0,2.38,1.38,0.38,2.38,1.75,1.75,2.5,2.12,2.88,1.88,1.62,2.0,2.0,2.5,0.62,0.25,0.62,0.12,0.0,2.38,2.0,0.0,1.38,0.0,1.88,2.25,1.12,1.12,2.38,0.25,0.5,1.75,-190.0
47-2151,2.88,3.0,2.12,3.0,2.12,0.5,3.0,2.12,2.0,2.75,2.62,2.88,2.0,2.0,2.0,2.12,2.38,0.62,0.88,2.0,2.5,0.0,3.12,3.0,2.25,3.0,2.75,3.0,2.5,2.0,1.75,2.88,0.88,1.25,2.12,-4810.0
47-2161,2.25,2.25,2.25,2.12,1.88,0.25,2.62,2.12,2.0,2.62,2.12,2.75,2.12,2.12,2.12,2.25,2.25,1.25,0.88,1.62,0.88,0.0,2.5,2.25,0.62,1.88,0.88,2.88,2.5,1.62,1.88,2.75,1.25,1.88,2.12,6600.0
47-2171,2.12,2.38,1.62,2.0,2.25,0.25,2.88,1.88,2.0,2.25,2.12,3.25,1.62,1.62,2.12,1.62,2.38,1.0,0.88,1.75,0.12,0.0,2.38,2.88,1.12,1.75,0.88,2.38,2.75,2.0,1.75,2.5,0.62,0.75,1.88,340.0
47-2211,2.62,2.62,2.12,2.88,3.25,0.75,3.0,2.38,2.38,3.0,2.0,3.25,1.75,1.62,3.0,1.88,2.75,1.88,2.0,2.25,2.12,0.25,2.62,2.75,2.62,2.62,2.62,3.25,2.88,2.0,2.0,2.88,0.75,1.38,2.88,-1230.0
47-2221,3.0,3.0,2.38,2.38,2.12,0.25,3.12,3.0,3.0,3.0,2.75,3.38,2.12,2.0,2.88,2.25,2.88,2.0,1.25,2.25,1.12,0.0,3.0,3.0,1.5,1.88,1.62,3.0,2.75,2.12,2.0,2.88,1.0,1.62,2.38,16560.0
47-2231,2.75,2.75,2.62,2.88,3.12,1.5,3.5,3.0,2.38,3.12,2.38,3.38,2.38,1.88,3.0,2.38,3.12,1.62,1.62,2.62,3.25,0.62,2.88,2.88,2.88,3.38,2.88,3.12,2.75,2.75,2.62,2.5,1.38,1.75,2.12,5910.0
47-3011,2.12,2.25,1.75,2.0,2.0,0.25,2.38,2.12,2.12,2.62,2.25,3.12,1.62,1.5,2.38,1.75,2.38,0.88,0.88,1.88,0.25,0.0,2.5,2.38,2.0,2.25,2.0,2.38,2.38,1.75,1.62,2.5,0.62,1.5,1.75,-90.0
47-3012,2.25,3.0,2.38,2.38,2.25,0.0,2.75,2.12,2.0,2.38,2.25,3.12,2.0,2.0,2.12,2.12,2.12,0.62,1.0,2.12,1.5,0.0,2.12,2.12,2.12,2.12,2.12,2.62,2.12,1.25,1.38,2.25,0.88,1.0,2.0,-5980.0
47-3013,2.75,2.88,2.0,2.38,1.38,0.75,2.75,2.38,1.88,2.25,2.0,2.88,1.25,1.12,1.88,1.75,2.38,0.5,0.12,2.12,2.5,0.0,2.5,2.62,2.62,2.62,2.62,2.62,2.38,0.75,1.0,2.0,0.12,0.75,1.5,10980.0
47-3014,1.75,2.25,1.75,2.0,0.25,0.12,2.25,2.0,2.12,2.38,2.25,2.62,1.75,1.75,2.0,2.25,2.12,0.0,0.0,1.62,0.12,0.0,2.38,2.0,2.12,2.38,2.12,2.38,2.12,1.12,1.12,2.5,0.0,0.12,2.0,-720.0
47-3015,2.0,2.38,1.5,2.25,1.38,0.12,2.38,1.88,1.88,2.25,2.12,3.0,1.62,1.62,2.12,1.75,2.0,0.25,0.62,2.0,1.5,0.0,1.88,2.0,1.75,2.0,2.62,2.0,2.12,1.0,0.88,2.12,0.75,1.25,1.38,7050.0
47-3016,2.25,2.5,2.12,2.0,1.75,0.0,2.25,2.12,2.25,2.5,2.12,3.75,1.75,1.75,2.12,2.12,2.62,0.0,0.88,2.25,1.0,0.38,2.0,2.12,2.38,2.25,2.0,2.62,2.38,2.0,1.75,2.5,1.12,1.38,2.25,-2680.0
47-4021,3.25,3.12,2.75,2.88,1.62,2.62,3.0,3.0,2.25,3.12,2.62,3.12,2.5,2.38,1.88,2.75,3.12,1.88,1.5,3.12,2.88,0.75,3.38,3.25,3.75,3.88,3.75,3.5,3.0,2.88,2.75,3.0,0.5,0.88,1.88,7760.0
47-4031,2.12,2.25,2.0,2.12,2.62,0.12,2.88,1.88,2.0,2.88,2.12,3.12,2.0,1.75,2.12,2.25,2.5,1.0,0.62,2.0,0.12,0.0,2.75,2.88,1.88,1.88,1.88,2.75,2.88,1.75,1.75,2.88,1.12,1.5,2.25,4910.0
47-4041,3.0,3.0,2.88,2.88,2.12,1.75,3.62,3.0,2.25,3.12,2.75,3.0,2.75,2.75,2.88,2.75,3.0,1.12,0.5,2.12,0.88,0.25,3.0,3.0,2.62,2.75,2.12,2.75,3.0,2.12,2.0,3.0,1.0,1.75,2.5,1990.0
47-4051,2.75,2.88,1.88,2.75,1.88,0.0,2.75,2.12,1.75,2.75,2.62,3.5,2.38,2.12,2.12,2.25,2.75,0.12,0.62,1.5,0.5,0.12,3.0,3.12,2.25,2.75,2.25,2.88,2.62,1.88,1.75,2.5,0.62,0.62,1.88,10210.0
47-4061,2.25,2.75,2.12,2.25,2.0,0.25,3.0,2.38,2.25,2.88,2.0,3.12,1.88,1.75,2.62,1.88,2.38,0.75,0.75,2.25,0.5,0.0,3.25,3.12,3.0,3.0,3.0,3.0,2.75,2.12,2.0,2.75,0.75,1.0,2.12,1360.0
47-4071,2.88,2.88,2.62,2.5,2.38,0.38,3.0,2.62,2.38,2.88,2.62,2.75,2.38,2.0,2.38,2.25,3.0,0.75,1.0,1.88,1.5,0.0,3.0,3.0,2.88,3.0,3.12,2.62,2.75,2.25,2.12,2.88,1.62,1.88,2.12,5400.0
47-5011,2.88,3.0,2.62,3.0,2.5,0.25,3.12,2.62,2.88,3.5,2.75,3.38,2.0,2.12,2.88,1.88,2.88,0.38,0.12,2.38,0.12,0.0,3.88,3.62,3.38,3.25,3.62,3.62,2.62,2.0,2.25,2.75,1.12,1.62,3.38,-8650.0
47-5012,3.0,2.88,3.0,2.88,1.88,0.38,3.25,3.0,3.12,3.25,2.75,3.38,2.88,2.75,3.38,2.25,3.12,1.0,0.5,2.25,0.38,0.0,3.5,3.62,3.12,3.0,3.25,3.25,3.0,2.12,1.88,3.38,0.38,1.12,3.25,-5470.0
47-5013,3.0,3.0,3.0,3.0,2.38,0.38,3.25,3.0,2.38,3.38,2.75,3.0,2.62,2.38,2.5,2.5,3.0,0.88,0.5,2.5,2.12,0.88,3.62,3.5,3.25,3.12,3.12,3.12,2.62,2.38,2.5,2.88,1.12,1.75,2.5,-10320.0
47-5041,2.25,2.88,2.0,2.25,1.38,0.62,3.12,2.5,2.5,3.0,2.25,3.0,2.25,2.12,2.38,2.12,3.0,1.25,0.75,2.25,1.12,0.0,3.88,3.62,3.38,3.0,3.0,2.5,3.0,2.25,2.12,2.75,0.38,0.38,2.75,3090.0
47-5051,2.38,2.62,2.12,2.62,1.5,0.12,2.62,2.12,2.0,2.5,2.25,2.75,2.0,1.62,1.75,2.12,2.5,0.25,0.0,1.75,0.0,0.0,2.88,3.0,2.0,2.25,1.75,2.5,2.25,0.75,0.75,2.38,0.62,0.62,1.62,1450.0
47-5071,1.88,2.5,1.62,2.12,1.75,0.25,2.38,2.38,2.0,2.75,2.25,3.0,1.5,1.5,2.25,1.62,2.12,0.12,0.88,2.12,0.5,0.0,2.62,2.62,2.5,2.62,2.75,2.62,2.38,1.88,1.62,2.25,0.75,1.25,1.75,-14520.0
47-5081,2.5,2.62,2.25,2.38,2.25,0.5,2.88,2.62,2.25,3.12,2.38,3.25,2.0,1.88,2.25,2.0,2.62,0.0,1.0,2.75,0.38,0.0,3.38,3.0,3.12,3.0,3.12,2.62,2.62,1.88,1.62,2.25,0.88,1.5,2.0,-7430.0
49-2011,3.12,3.0,3.0,3.0,1.75,1.62,3.12,3.0,2.62,3.0,3.0,2.88,2.75,2.12,2.88,2.88,3.12,2.0,1.88,3.0,2.5,1.25,3.0,2.88,2.88,3.25,3.12,3.0,2.62,2.62,2.38,3.0,0.88,1.25,2.12,-12680.0
49-2021,3.38,2.88,2.75,3.0,3.0,0.88,3.12,2.75,2.38,3.12,2.25,3.38,2.25,1.88,2.88,2.25,2.62,0.25,1.0,3.0,3.5,1.25,3.12,2.62,3.38,3.75,3.62,3.5,2.75,2.62,2.62,2.62,0.62,1.12,2.62,1060.0
49-2022,3.62,3.38,3.12,3.12,2.25,2.0,3.75,3.0,2.88,3.25,2.75,3.0,2.62,2.25,3.0,3.0,3.25,1.75,1.38,3.12,3.25,1.62,3.25,3.25,3.25,3.75,3.25,3.62,3.0,3.0,3.12,3.0,0.75,0.88,2.38,-5140.0
49-2091,3.5,3.25,3.12,3.0,2.12,2.88,3.75,3.12,2.62,3.25,3.0,3.12,2.75,2.25,2.88,2.62,3.5,2.12,1.12,3.0,2.88,0.88,3.62,2.5,4.0,4.0,4.0,3.62,3.25,3.12,3.12,3.25,0.62,1.12,2.62,4600.0
49-2092,3.0,3.0,2.75,3.0,2.75,2.12,3.38,3.12,2.75,3.12,2.75,2.88,2.38,1.75,2.88,2.75,3.0,1.25,1.25,3.0,2.88,0.88,3.38,3.0,3.75,3.88,4.0,3.62,3.0,2.88,2.75,2.88,1.75,1.75,2.25,-1490.0
49-2093,3.12,3.0,3.0,3.0,2.25,2.25,3.0,2.38,2.25,3.0,3.0,3.0,2.75,2.12,2.5,2.25,3.0,1.62,1.38,2.25,2.38,0.75,3.12,2.5,3.0,3.25,3.12,3.25,2.88,2.25,2.38,3.12,1.12,1.0,2.25,-4370.0
49-2094,4.0,3.62,3.0,3.12,2.88,2.75,3.75,3.0,3.0,3.12,3.0,3.0,2.88,2.62,2.88,2.88,3.88,2.12,2.38,3.25,2.75,2.12,3.88,3.5,3.75,3.88,3.88,3.88,3.0,3.25,3.0,3.0,1.62,1.62,2.62,-6970.0
49-2095,3.5,3.12,3.0,2.88,2.38,2.38,3.38,3.0,2.25,3.0,2.75,3.0,2.12,2.25,2.88,2.75,3.0,2.25,1.0,2.25,0.75,1.12,3.25,3.12,4.0,4.0,4.0,3.25,3.0,3.0,3.0,3.0,1.5,1.62,2.75,530.0
49-2096,3.12,3.0,2.88,3.0,2.25,1.5,3.12,2.38,2.25,2.88,2.88,3.0,2.38,2.5,2.38,2.88,3.0,1.75,1.38,2.75,3.0,1.12,3.0,3.0,2.88,3.62,3.62,3.0,2.88,2.25,2.38,3.0,1.25,1.12,2.12,-1150.0
49-2097,3.5,3.12,2.5,3.0,2.38,1.75,3.62,3.12,2.88,2.88,2.38,2.62,2.75,2.12,3.0,3.12,3.25,2.38,1.5,2.88,3.0,1.5,2.75,2.38,3.0,3.62,3.38,3.62,3.0,2.75,2.5,2.62,1.88,1.88,2.75,-1000.0
49-2098,3.25,3.12,2.88,3.0,2.12,1.25,3.5,3.0,2.38,3.12,2.88,2.88,1.88,1.88,2.62,2.88,3.0,1.75,0.88,2.0,3.12,0.88,2.88,2.75,2.62,3.25,2.75,3.12,3.0,2.5,2.5,2.88,0.75,1.0,2.0,11440.0
49-3011,4.0,3.38,3.0,3.25,2.25,2.62,4.0,3.12,2.88,3.12,3.0,3.0,2.75,2.12,3.0,2.88,3.88,2.12,1.25,3.0,2.12,0.5,4.0,3.25,4.75,4.0,4.25,3.88,3.38,3.25,3.25,3.0,0.62,1.88,2.25,16480.0
49-3021,2.88,3.0,2.12,2.75,2.0,0.25,3.0,2.25,2.12,2.88,2.88,2.88,2.25,2.12,2.62,2.75,3.0,1.62,1.0,2.5,1.75,0.75,2.88,3.0,2.75,3.0,3.25,3.0,2.75,2.25,2.25,2.75,1.38,1.75,2.25,7040.0
49-3022,2.5,2.75,2.38,2.62,1.75,0.5,2.75,2.38,2.12,2.62,2.62,2.5,2.12,2.0,2.25,2.62,2.5,1.12,0.62,2.38,2.75,0.12,2.62,2.62,1.75,1.88,2.0,2.75,2.38,1.88,1.88,3.0,0.5,1.0,1.88,3740.0
49-3041,2.88,2.88,2.5,3.0,2.5,1.62,3.62,3.0,2.62,2.88,2.5,2.38,2.12,1.62,2.38,2.0,3.0,0.88,1.0,3.0,2.12,0.75,3.12,3.25,3.88,3.88,4.12,3.12,3.0,2.75,2.5,2.75,1.5,1.12,2.0,970.0
49-3043,2.75,3.0,2.75,2.38,2.12,1.0,3.38,2.75,2.25,2.75,2.25,2.62,2.12,2.12,2.25,2.12,2.62,1.12,1.0,2.38,2.5,0.0,3.0,3.0,3.25,3.75,4.0,3.25,2.75,2.25,2.38,3.0,0.88,1.0,2.25,5850.0
49-3051,2.75,3.0,2.5,2.62,2.0,1.75,3.12,2.25,2.0,3.0,2.62,2.25,1.62,1.5,1.88,2.12,2.88,0.5,0.88,2.62,0.75,0.62,3.38,3.38,3.5,3.75,4.0,3.0,2.75,2.25,2.25,2.38,0.75,1.38,1.75,2730.0
49-3052,3.0,3.0,2.88,3.0,2.12,1.25,3.12,3.12,2.25,3.0,2.62,3.0,2.5,2.0,2.62,3.0,3.0,1.38,1.0,2.25,1.62,0.25,3.0,3.0,3.38,3.88,3.75,3.0,3.0,2.25,2.25,3.0,0.62,1.25,1.88,170.0
49-3053,2.62,2.75,2.5,2.5,2.0,1.12,3.0,2.75,2.12,2.75,2.38,2.88,2.12,1.62,2.25,2.5,2.75,0.5,0.75,2.75,0.75,0.38,3.0,3.0,3.62,3.62,3.62,3.0,2.75,2.12,2.0,2.62,1.12,1.12,1.75,2940.0
49-3091,3.0,3.0,2.5,3.0,2.0,0.38,3.12,2.5,2.38,2.88,3.12,2.5,2.62,2.62,2.75,3.0,3.0,0.75,1.5,2.62,1.75,0.12,2.25,2.0,2.88,3.0,3.12,3.12,2.75,2.12,2.12,2.88,1.12,1.25,2.12,2670.0
49-3092,2.88,3.25,2.75,3.12,1.75,0.88,3.5,3.12,2.38,3.0,2.75,3.12,2.62,2.5,2.62,2.88,2.88,1.0,1.0,2.62,0.88,0.5,2.88,2.88,3.12,3.5,3.88,3.12,2.88,2.38,2.5,2.75,0.62,0.75,1.75,4590.0
49-3093,2.0,2.5,2.12,2.25,1.88,0.0,2.38,2.0,2.25,2.25,2.25,2.12,2.0,2.12,2.25,2.62,2.25,0.0,0.5,1.62,1.0,0.0,2.75,2.88,2.0,2.62,2.75,2.38,2.12,2.0,2.0,2.62,0.75,1.62,2.25,10370.0
49-9011,2.88,3.0,2.88,3.0,2.5,0.0,3.0,2.25,2.12,3.0,2.88,2.88,2.75,2.25,2.62,2.88,2.88,1.12,1.5,2.5,2.75,0.0,2.88,2.75,2.88,3.0,2.75,3.25,2.62,2.0,2.12,2.88,1.0,1.5,2.25,5830.0
49-9012,3.12,2.88,2.88,3.0,1.5,1.12,3.12,3.0,2.38,3.0,2.75,3.0,1.75,1.88,2.38,2.38,3.0,0.75,0.88,2.5,2.12,0.75,3.0,3.0,3.25,3.12,3.25,3.25,3.0,2.12,2.12,2.5,0.88,0.88,1.5,10980.0
49-9031,2.88,3.12,2.75,3.0,2.0,1.25,3.25,2.25,2.12,2.88,2.75,2.75,2.12,2.12,2.5,2.88,3.0,1.62,1.0,2.88,2.38,0.62,3.25,3.0,3.12,3.62,3.88,3.62,3.0,2.12,2.0,3.0,1.25,1.75,2.12,-2170.0
49-9044,3.0,3.0,2.88,3.0,2.75,0.62,3.12,3.12,2.88,3.12,2.88,3.5,2.88,2.75,3.12,2.88,3.0,1.12,1.75,2.5,3.38,0.62,3.88,3.5,3.88,3.88,3.88,3.38,3.0,2.75,2.88,3.25,1.62,1.62,2.62,8030.0
49-9045,2.62,2.88,2.25,2.75,1.75,0.0,3.0,2.12,2.12,2.75,2.38,2.75,1.75,1.88,2.38,2.0,2.12,1.25,0.75,1.88,0.38,0.0,3.25,3.0,2.75,2.88,2.75,2.75,2.62,1.62,1.38,2.5,0.62,0.88,1.88,-910.0
49-9051,3.0,3.25,2.75,2.88,1.88,1.0,3.0,3.0,2.75,3.0,2.62,3.25,2.75,2.12,2.62,2.5,3.0,1.62,1.12,2.12,2.38,0.25,3.25,3.25,3.0,3.38,3.25,3.12,3.0,3.0,3.0,2.88,0.38,0.62,3.0,-2880.0
49-9052,3.0,3.0,2.88,2.75,1.75,1.12,3.12,2.62,2.0,2.88,2.88,3.0,2.25,2.12,2.12,2.88,3.0,1.0,0.88,2.0,1.88,0.62,3.0,3.0,2.75,3.12,2.75,3.0,3.0,2.38,2.38,2.75,0.75,0.75,1.88,6480.0
49-9061,3.5,3.12,3.0,3.0,2.5,1.88,3.38,3.12,2.25,2.88,2.5,2.25,2.12,2.0,0.88,2.25,3.12,1.75,2.25,3.12,1.38,1.25,3.0,1.75,3.62,3.62,3.88,3.38,3.0,2.12,2.12,3.0,1.75,1.88,1.62,470.0
49-9062,3.75,2.88,2.88,2.88,3.12,2.25,3.62,3.25,2.88,3.25,2.75,2.88,2.75,2.5,3.12,2.88,3.12,2.12,2.0,3.12,2.0,0.62,3.62,3.0,4.0,4.0,4.0,3.62,3.12,3.0,3.12,2.75,1.5,2.12,2.75,4940.0
49-9063,3.0,3.0,2.75,3.0,2.0,1.25,3.25,3.0,2.5,3.0,2.88,2.38,2.88,2.75,2.88,2.88,2.88,1.75,1.38,2.62,0.5,0.25,3.0,2.5,2.88,3.12,3.12,3.5,3.0,2.75,2.75,3.12,1.88,2.12,2.25,360.0
49-9064,2.88,3.0,2.25,2.75,2.0,1.25,3.0,2.25,1.62,2.25,2.5,2.12,2.12,1.62,1.62,2.75,2.88,1.0,1.12,2.25,0.62,0.0,2.5,2.12,3.12,3.12,3.5,3.0,3.0,1.88,2.0,2.25,1.5,1.5,1.88,390.0
49-9081,3.25,3.12,2.75,3.0,2.75,2.0,3.12,3.12,3.0,3.12,2.75,3.25,1.75,1.88,2.88,2.12,3.0,1.0,1.5,2.88,1.12,0.62,3.25,3.12,3.75,4.0,3.88,3.12,3.0,3.12,3.0,2.88,1.0,2.25,2.5,2250.0
49-9091,2.88,2.88,2.5,2.62,2.0,0.62,2.88,2.12,1.75,3.0,2.5,2.62,1.75,1.5,1.62,2.62,2.75,0.5,0.0,2.12,1.62,0.38,3.0,3.0,3.0,3.0,3.0,2.88,2.62,2.75,2.25,2.75,1.25,1.25,1.62,530.0
49-9092,3.5,3.62,3.0,3.38,2.12,2.25,3.75,3.12,3.0,3.25,3.0,3.12,2.62,2.62,3.12,2.38,3.12,1.75,0.88,2.88,2.38,0.0,3.62,3.12,3.0,3.12,3.25,3.25,3.25,2.75,2.5,3.12,0.88,1.38,3.0,-200.0
49-9094,3.0,3.0,2.38,3.0,2.12,0.0,3.12,2.88,2.25,2.75,2.5,2.62,2.25,2.12,2.12,2.25,2.88,0.25,1.25,2.12,2.0,0.75,2.38,3.0,3.0,3.0,3.12,3.0,2.75,2.25,2.12,2.88,1.25,1.38,2.12,-80.0
49-9095,3.12,2.88,2.88,2.88,2.88,0.88,3.25,3.0,3.12,3.38,2.75,3.62,3.0,2.75,3.12,2.75,3.25,2.0,1.5,2.62,2.38,0.0,3.12,3.25,2.62,3.25,3.38,3.62,3.0,2.62,2.88,3.12,2.12,2.38,3.12,-470.0
49-9096,2.38,3.0,2.38,2.75,1.0,0.5,3.0,2.25,1.12,3.12,2.5,3.12,2.12,2.12,2.12,2.25,3.0,2.12,0.62,2.75,1.75,0.0,3.12,3.25,2.5,2.88,2.62,3.0,3.0,2.12,2.12,2.88,0.38,0.38,2.88,2650.0
49-9097,2.88,3.0,3.0,2.5,2.25,0.88,3.38,3.0,2.75,3.12,2.12,2.75,2.12,2.12,2.75,2.12,3.0,0.25,0.62,2.75,2.62,0.88,3.75,3.0,3.88,4.0,3.88,3.88,2.88,2.25,2.25,3.0,0.75,0.88,2.12,-1020.0
51-2011,3.12,3.12,3.0,3.0,2.75,1.5,3.12,3.0,2.88,3.12,2.25,2.88,2.25,2.25,2.88,2.38,2.88,1.38,1.88,2.88,3.0,1.0,3.0,2.88,3.0,2.88,3.12,3.75,3.0,2.88,2.62,3.0,1.38,1.62,2.38,2310.0
51-2021,2.75,2.88,2.0,2.5,1.12,0.0,2.88,1.88,1.88,3.0,2.25,2.88,1.25,1.12,2.12,1.5,1.88,0.62,0.75,0.62,0.12,0.0,3.12,3.12,0.62,1.88,0.38,2.25,2.5,1.5,1.25,2.12,0.5,0.5,1.0,-2240.0
51-2031,3.12,3.0,2.25,2.88,2.0,1.62,3.0,2.25,2.0,3.0,2.12,2.25,2.0,2.0,2.25,2.0,2.25,0.75,1.0,2.25,1.38,0.75,3.12,2.88,2.88,3.0,2.88,3.25,2.5,2.0,2.0,2.25,0.62,1.12,2.12,7650.0
51-2041,2.38,3.0,2.0,2.5,1.88,0.62,2.25,1.62,0.75,2.5,2.25,2.62,2.12,1.75,1.88,1.75,2.25,1.25,0.5,1.5,0.25,0.0,2.38,2.38,0.88,2.0,0.88,2.5,2.38,0.5,0.5,2.38,0.0,0.12,2.0,-1160.0
51-3011,2.75,2.75,2.12,2.88,2.12,0.88,3.0,3.0,2.0,2.88,2.62,2.88,1.75,1.88,2.0,2.25,2.0,1.88,0.88,0.62,0.0,0.0,2.62,2.0,0.5,1.25,0.12,2.25,2.75,2.0,2.0,2.75,0.88,1.38,1.62,11260.0
51-3021,3.0,3.0,2.75,3.0,2.0,0.25,3.0,2.12,2.0,2.88,2.88,2.75,2.88,2.75,2.25,2.88,2.5,1.0,0.5,0.88,0.0,0.12,2.12,2.0,1.12,1.88,1.0,2.0,2.38,2.0,2.0,3.0,2.0,1.75,3.0,-280.0
51-3022,2.25,2.25,2.12,2.62,1.88,0.0,2.88,2.25,2.25,2.62,2.38,2.38,2.12,2.12,2.12,2.38,2.12,0.12,0.25,1.38,0.0,0.0,2.38,2.12,1.25,2.0,1.25,2.12,2.12,1.12,1.12,2.12,0.88,1.0,2.25,3680.0
51-3023,1.75,2.25,1.0,1.88,0.75,0.0,1.88,1.5,1.25,1.88,1.75,1.88,0.88,1.12,1.62,1.75,1.75,0.12,0.0,0.5,0.0,0.0,2.0,2.12,0.75,1.38,0.75,2.0,1.75,1.12,1.12,1.88,0.5,0.62,1.5,-12680.0
51-3091,2.88,2.88,2.88,2.88,0.75,0.88,3.0,2.62,2.5,3.0,2.12,3.0,2.25,2.12,2.62,2.12,2.75,1.5,0.5,2.0,0.62,0.25,3.62,3.12,2.25,2.25,2.0,2.88,2.62,1.62,1.5,2.12,0.25,0.5,2.0,1940.0
51-3093,2.75,3.0,2.62,2.38,1.88,1.38,2.38,2.38,2.0,2.88,2.38,2.75,1.62,1.62,2.12,2.12,2.38,0.75,0.38,0.5,0.0,0.25,3.12,2.88,1.12,1.75,0.38,2.12,2.25,1.38,1.62,2.25,0.75,1.0,2.0,-6820.0
51-4021,2.88,2.62,2.0,2.5,2.5,1.12,2.75,2.25,2.12,3.25,2.38,3.0,1.88,1.5,2.25,1.75,2.62,1.38,0.88,2.5,1.62,0.5,3.62,3.5,2.62,2.75,2.88,3.38,2.75,2.25,2.25,2.5,0.75,1.25,1.88,4420.0
51-4022,2.88,3.0,2.75,2.88,2.12,0.62,2.88,2.12,2.25,3.12,2.38,2.62,2.12,2.12,2.25,2.12,2.75,1.12,0.88,1.75,1.0,0.25,3.0,3.0,2.25,2.75,2.12,2.88,2.62,1.75,1.75,2.62,0.38,0.5,2.25,-5020.0
51-4023,2.88,2.75,2.62,2.75,2.5,0.38,3.0,3.0,2.75,3.0,2.5,3.0,1.75,1.62,2.88,2.0,2.75,1.12,0.88,2.38,2.0,0.62,4.0,3.88,3.0,3.0,2.88,3.88,2.88,2.75,2.38,3.0,0.88,1.25,2.62,-900.0
51-4031,2.88,2.75,2.38,2.75,2.38,0.88,2.75,2.25,2.0,3.0,2.0,2.5,1.75,1.88,2.5,1.62,2.62,1.25,0.75,1.5,0.88,0.12,3.5,3.5,2.75,2.88,2.5,3.38,2.75,1.5,1.5,2.62,0.5,0.75,1.88,4790.0
51-4032,2.88,3.0,2.75,3.0,2.25,0.62,3.12,2.38,2.12,3.12,2.25,2.25,2.0,1.88,2.0,2.0,2.75,1.88,1.12,2.25,1.5,0.25,3.5,3.12,2.38,2.75,2.38,2.88,2.75,2.12,2.0,2.38,0.5,0.75,2.12,-6600.0
51-4033,2.88,2.62,2.0,2.5,3.0,0.5,2.88,2.25,2.0,3.0,2.25,2.5,1.62,1.38,2.12,1.75,2.75,1.0,0.75,2.12,0.62,0.75,3.62,3.62,2.5,2.62,2.5,3.5,2.88,2.25,2.12,2.25,0.75,1.12,1.88,6680.0
51-4034,3.0,2.88,2.12,2.62,2.25,0.75,3.0,2.0,1.75,3.0,2.12,2.62,1.38,1.0,2.12,1.5,2.5,0.88,0.75,2.25,0.88,0.62,2.88,3.12,2.5,2.62,2.12,3.12,2.38,2.0,1.75,2.25,0.75,0.62,1.62,-14500.0
51-4035,2.75,3.0,2.25,2.62,2.75,0.62,2.88,2.5,1.88,3.0,2.25,2.62,1.62,1.5,2.12,1.75,2.5,1.62,0.75,1.88,1.25,0.75,3.5,3.25,2.25,2.75,2.12,3.0,2.38,1.88,1.75,2.62,0.62,0.75,1.75,-3380.0
51-4041,3.0,2.88,2.62,3.0,2.75,0.75,3.12,2.88,2.38,3.12,2.75,3.0,2.12,2.12,2.75,2.12,3.0,1.88,1.88,2.62,2.38,1.12,3.25,3.38,2.88,2.88,2.75,3.0,2.75,2.12,2.25,2.62,0.75,1.0,2.0,-9230.0
51-4051,2.88,3.0,2.75,2.88,2.62,1.62,3.0,2.12,2.0,3.12,2.38,2.25,2.25,2.0,2.12,2.12,2.88,0.75,0.25,2.0,0.0,0.0,3.88,3.75,2.88,2.75,2.25,3.12,2.75,2.12,2.12,2.88,0.88,1.75,2.38,-3700.0
51-4052,2.5,3.0,2.0,2.62,1.62,1.12,3.0,2.12,2.12,3.0,2.12,2.62,2.12,2.12,2.12,2.12,2.12,1.0,0.5,2.12,0.25,0.25,3.12,3.0,2.75,2.75,2.25,3.0,3.0,1.25,1.5,2.25,0.75,1.0,1.75,-1680.0
51-4061,3.0,2.88,2.62,2.62,2.88,1.25,3.0,2.88,2.0,3.0,2.62,2.88,1.88,1.38,2.12,1.5,2.75,2.5,1.88,3.0,0.38,0.88,3.12,3.25,2.62,3.12,2.62,3.12,2.88,1.12,1.88,3.0,0.88,1.38,1.75,-1840.0
51-4062,3.0,2.88,2.12,2.88,2.38,0.5,3.0,2.25,2.0,3.12,2.5,2.62,1.75,1.75,2.25,1.75,2.75,2.38,1.75,1.88,0.5,1.25,3.12,3.0,2.12,2.0,1.88,3.25,2.5,2.0,2.12,2.5,0.25,0.38,1.75,-760.0
51-4071,1.88,2.25,1.62,1.88,1.62,0.25,2.5,1.75,1.38,2.62,2.12,2.5,1.25,1.12,2.12,1.25,2.0,0.88,0.5,1.5,0.0,0.0,2.38,2.25,1.12,2.12,1.25,2.38,2.25,1.0,1.0,2.5,0.5,0.62,1.62,5720.0
51-4111,3.12,3.0,2.5,2.75,2.88,1.25,3.12,3.12,2.12,3.0,2.0,2.88,1.62,1.25,2.12,1.0,3.0,3.12,2.88,3.0,0.75,0.62,3.0,3.12,2.88,2.88,2.88,3.75,3.0,2.5,2.38,2.88,0.38,0.62,1.62,-5180.0
51-4191,3.0,2.88,2.62,2.62,2.88,1.12,3.0,2.62,2.75,3.38,2.5,2.88,1.88,1.62,3.0,1.88,2.62,1.62,0.0,2.62,0.25,0.88,3.75,3.88,3.12,2.75,2.88,3.25,2.62,2.12,1.88,2.62,0.62,1.38,2.25,-1420.0
51-4192,2.88,2.88,2.88,2.5,3.12,0.38,3.12,2.62,2.0,3.0,2.75,3.0,1.75,1.62,2.5,2.0,2.88,2.0,0.62,2.0,0.88,0.12,2.75,2.75,2.0,2.0,2.0,2.88,2.75,1.88,1.88,2.5,0.5,0.5,2.25,-4920.0
51-4193,2.88,3.0,2.62,2.75,1.38,1.88,2.75,2.12,2.12,3.0,2.25,2.62,2.12,2.12,2.38,2.12,2.25,1.62,0.5,2.0,0.25,0.0,3.12,3.0,2.38,2.25,2.12,2.75,2.12,1.62,1.62,2.75,0.5,0.88,2.25,5910.0
51-4194,3.0,2.88,2.25,2.38,2.88,0.12,2.88,2.62,2.38,2.75,2.12,2.12,2.12,2.0,2.38,2.0,2.75,1.38,1.12,2.38,0.25,0.5,3.62,3.62,3.38,2.88,3.0,3.25,2.75,2.25,2.25,2.62,1.38,1.75,1.88,-4420.0
51-5111,3.0,3.0,2.88,3.12,2.0,0.88,3.0,3.0,2.25,3.0,2.75,2.88,2.38,2.12,2.5,2.62,2.88,1.5,1.0,1.75,0.0,0.88,3.0,2.12,1.88,2.12,1.75,2.38,2.88,2.25,2.25,2.75,0.5,0.88,2.25,-5910.0
51-5112,3.12,3.0,2.62,3.0,2.0,0.0,3.12,2.88,2.12,3.25,2.75,3.0,2.38,2.0,2.75,2.62,2.88,0.75,0.75,2.5,0.12,0.62,3.62,3.25,3.12,3.12,3.12,3.25,2.88,2.12,2.12,3.0,0.75,1.88,2.0,6680.0
51-5113,2.88,2.88,2.62,2.75,2.12,0.12,3.0,2.38,2.88,3.0,2.62,2.75,2.25,1.88,2.75,2.25,2.88,0.5,1.0,2.25,1.5,0.88,3.12,3.12,3.12,2.75,2.75,2.88,2.75,2.12,2.38,2.62,0.75,0.75,2.5,-5830.0
51-6011,2.12,2.25,2.12,2.38,0.88,0.0,2.5,2.12,2.12,2.25,2.25,2.25,2.12,2.12,2.12,2.38,2.25,0.88,0.0,1.12,0.0,0.0,2.5,2.12,1.25,2.25,1.25,2.0,2.12,1.62,1.5,2.38,1.0,1.0,2.0,10000.0
51-6021,1.75,2.0,1.5,2.0,0.75,0.0,2.25,1.5,1.0,2.12,1.75,1.75,1.25,1.12,0.38,1.5,1.75,0.5,0.5,1.12,0.25,0.0,2.12,2.25,1.38,1.75,1.0,1.88,2.12,0.88,1.25,2.0,0.5,0.5,0.75,-12080.0
51-6031,2.12,2.12,2.0,1.88,1.88,0.0,2.12,1.88,2.0,2.5,1.88,1.75,1.5,1.5,1.88,1.5,2.12,0.62,0.0,0.75,0.0,0.0,2.12,2.25,1.25,2.0,1.0,2.62,2.0,1.62,1.12,2.12,0.88,0.75,1.5,-8660.0
51-6041,2.25,2.25,1.5,2.12,1.0,0.12,2.62,1.75,0.12,2.5,2.25,2.12,2.12,1.38,1.62,2.38,2.0,1.12,0.12,1.5,0.0,0.0,2.25,2.25,0.0,1.62,0.12,2.38,2.38,1.38,0.12,2.12,0.5,0.75,1.75,1050.0
51-6042,2.75,2.75,1.75,2.62,1.62,0.12,2.38,1.75,1.12,2.88,1.88,1.88,1.62,1.25,1.38,1.38,2.5,1.25,0.5,2.5,0.0,0.0,2.88,3.0,2.62,2.5,2.25,3.0,2.38,1.62,1.75,2.62,1.0,0.88,1.75,1470.0
51-6051,2.25,2.38,2.25,1.88,2.12,0.0,2.38,2.12,2.25,2.62,2.0,1.88,1.88,2.0,2.62,2.12,2.38,1.62,1.0,0.25,0.0,0.0,2.12,2.25,0.0,1.62,0.0,2.0,2.38,1.88,1.75,2.5,1.5,2.0,2.25,-1190.0
51-6052,2.62,3.0,2.25,2.88,1.62,0.0,3.0,2.62,1.75,2.62,2.88,2.5,2.0,2.12,1.88,2.75,2.62,2.12,1.0,1.88,0.0,0.0,2.12,2.38,1.5,1.38,1.25,2.12,2.75,1.25,1.25,2.88,0.75,0.88,2.0,3910.0
51-6061,2.62,3.0,2.62,2.62,2.5,1.0,2.62,2.0,1.75,2.75,2.38,2.75,1.88,1.62,2.12,2.0,2.25,1.5,0.75,2.0,1.0,0.0,3.62,3.25,2.25,2.12,2.25,3.0,2.38,1.88,2.0,2.25,0.75,0.62,1.88,-2820.0
51-6062,2.62,2.5,2.25,2.12,2.12,0.0,2.75,2.0,2.0,3.25,1.88,2.75,1.62,1.62,2.62,1.62,2.62,1.25,0.75,2.12,1.25,0.75,3.75,3.75,3.25,3.0,3.0,3.12,2.62,2.25,2.12,2.75,0.75,1.12,2.12,-1160.0
51-6063,2.25,2.5,1.88,2.5,0.88,0.25,2.5,1.5,1.62,2.88,1.88,2.25,1.75,1.38,2.12,1.62,2.0,1.88,0.25,1.75,0.5,0.0,3.12,2.88,2.38,2.38,1.62,2.5,2.38,1.0,1.12,2.25,0.62,0.5,1.75,-1630.0
51-6064,2.12,2.5,2.0,2.38,2.0,0.0,3.0,2.12,2.0,3.0,2.0,2.5,1.62,1.62,2.5,2.0,2.0,1.38,0.5,2.0,1.0,0.0,3.88,3.88,2.5,2.62,2.75,3.0,2.38,2.12,2.12,2.12,0.75,1.0,2.0,5450.0
51-6091,2.75,3.0,2.62,2.88,1.88,0.62,3.0,2.62,2.12,3.12,2.62,3.0,2.12,2.12,2.38,2.12,2.75,1.5,0.62,2.25,0.0,0.25,3.88,3.25,2.5,2.75,2.62,2.75,2.88,1.75,2.0,2.88,0.75,1.0,2.12,-1540.0
51-6092,3.25,3.38,2.88,3.0,3.0,0.12,3.38,3.0,3.0,3.25,2.88,2.88,2.62,2.62,3.0,2.75,3.0,2.75,1.5,0.62,0.0,1.25,2.88,2.5,0.12,2.12,0.38,3.12,3.0,2.75,2.38,3.0,1.62,1.88,2.12,430.0
51-6093,3.0,3.0,2.38,2.88,2.5,0.5,3.12,2.88,2.75,3.0,2.5,2.75,2.5,2.25,2.62,2.88,3.0,1.75,1.38,2.12,0.38,0.0,2.88,2.62,1.88,2.0,1.88,2.75,2.88,2.0,2.0,3.0,1.5,1.75,2.25,-350.0
51-7011,2.62,2.5,2.38,2.5,3.0,0.38,3.0,2.75,2.25,3.12,2.38,2.5,2.25,2.0,2.25,2.0,2.75,2.88,1.5,2.88,0.62,0.75,3.12,2.88,2.88,2.88,2.5,3.38,2.88,2.0,2.0,3.0,1.25,1.5,2.38,11230.0
51-7021,2.75,3.0,2.25,2.38,1.75,0.12,3.12,2.75,2.25,2.88,2.62,2.75,2.0,2.12,2.62,2.62,2.75,2.0,0.75,2.25,0.0,0.12,3.0,2.62,2.0,2.25,2.12,2.88,2.75,2.0,2.0,2.88,1.25,1.88,2.62,900.0
51-7031,3.12,3.0,2.75,2.88,2.0,1.0,3.12,2.62,1.88,2.88,2.5,3.0,1.88,1.88,2.38,2.38,3.0,2.88,1.25,0.5,0.5,0.62,2.88,2.88,0.25,1.5,0.0,2.62,2.62,2.25,2.0,2.88,0.75,0.88,2.0,-550.0
51-7032,3.0,3.0,2.12,2.5,3.0,0.88,3.12,2.5,2.0,3.0,2.62,2.25,1.75,1.5,2.12,1.88,3.0,3.0,1.5,2.75,0.12,0.62,3.0,3.0,2.38,2.25,2.25,3.12,2.88,2.12,2.0,2.62,1.88,2.0,2.0,-580.0
51-7041,2.62,2.5,1.38,2.12,1.5,0.25,2.75,2.0,1.88,2.88,2.25,2.5,1.62,1.62,2.12,1.62,2.25,1.38,0.38,1.88,0.5,0.12,3.12,3.0,2.62,2.62,2.5,2.88,2.38,1.75,1.5,2.38,0.5,0.75,1.5,4410.0
51-7042,2.75,2.75,1.75,2.5,2.5,0.5,2.88,2.12,2.12,2.88,2.0,2.0,1.75,1.38,1.75,1.38,2.5,1.62,1.38,2.5,1.25,1.12,3.5,3.25,3.0,3.0,3.0,3.0,2.12,0.88,1.62,2.12,0.62,1.12,1.5,8040.0
51-8011,3.88,3.88,3.0,3.25,2.75,3.0,4.0,3.12,3.0,4.0,3.12,3.25,2.88,2.75,3.0,2.88,3.25,0.5,0.5,0.0,0.0,1.25,3.88,3.75,0.12,3.12,0.38,3.25,3.38,3.0,2.88,3.38,1.25,1.25,3.0,-2350.0
51-8012,3.62,3.5,3.12,3.25,2.75,1.5,3.75,3.0,2.62,3.25,3.0,3.62,2.62,2.75,3.0,2.88,3.12,1.88,0.62,1.12,0.12,0.88,3.5,3.0,1.38,2.5,1.38,2.88,3.25,2.75,2.88,3.0,0.75,1.12,3.0,-410.0
51-8013,3.25,3.12,2.88,3.0,2.75,1.88,3.25,3.0,2.62,3.38,2.75,3.0,2.5,2.12,2.75,2.62,3.0,1.12,1.0,2.25,0.5,0.75,4.0,3.62,3.12,3.12,3.12,3.12,3.12,2.62,2.25,2.75,1.0,1.38,2.38,-6680.0
51-8021,3.0,3.0,2.75,3.0,1.5,2.12,3.12,2.62,2.12,3.12,2.12,2.75,2.12,2.12,2.75,2.12,3.0,1.75,1.12,2.25,1.25,0.25,3.5,3.25,3.0,3.38,3.5,3.12,3.0,3.0,3.0,3.0,0.5,1.25,2.62,-5030.0
51-8031,3.25,3.12,2.88,3.0,3.0,2.12,3.25,3.12,2.75,3.75,2.88,3.12,2.0,1.88,2.88,2.25,3.0,0.75,0.88,2.62,0.25,0.62,3.75,3.25,3.25,3.25,3.25,3.38,3.0,2.62,3.0,3.12,0.75,1.0,2.38,12090.0
51-8091,3.75,3.75,3.0,3.12,2.88,2.88,3.75,3.0,2.88,3.75,2.62,2.75,2.12,2.12,2.62,2.12,3.12,2.0,0.0,2.0,0.0,1.0,4.5,3.88,2.75,2.62,2.75,3.5,3.0,2.5,2.75,3.0,1.12,1.38,2.75,-8650.0
51-8092,3.38,3.25,3.0,3.25,2.75,2.0,3.38,3.12,2.5,3.5,2.62,3.12,2.5,2.62,2.75,1.88,3.12,1.38,1.38,2.75,0.12,0.88,4.62,3.88,3.0,3.38,3.0,3.5,3.0,2.62,2.5,2.62,1.0,1.12,2.62,-1910.0
51-8093,3.5,3.0,3.0,2.88,3.38,1.88,3.75,3.25,3.0,3.75,2.62,3.12,2.38,2.5,3.0,2.38,3.25,1.5,1.25,2.25,0.0,1.25,4.75,3.88,2.88,2.88,2.62,3.75,3.25,3.12,2.75,3.0,1.5,1.88,2.62,-1330.0
51-8099,3.75,3.38,3.0,3.5,2.88,2.5,3.12,2.75,2.75,3.25,3.12,3.12,2.5,2.62,3.0,2.75,3.0,0.25,0.75,2.25,0.88,1.0,3.75,3.5,3.38,3.25,3.12,3.38,3.25,2.88,2.75,3.0,1.38,2.0,2.38,1340.0
51-9012,2.88,3.0,2.88,2.88,2.62,2.0,3.0,2.88,2.88,3.12,2.62,2.88,2.12,2.0,2.62,2.12,2.88,1.0,0.88,1.88,1.75,0.75,3.75,3.12,2.62,2.62,2.62,2.75,2.75,2.5,2.12,2.88,1.38,1.75,2.38,7850.0
51-9021,3.0,3.0,2.88,3.0,2.25,1.5,3.0,2.88,2.75,3.0,2.62,2.88,2.88,2.12,3.0,2.12,2.88,0.62,0.75,2.5,0.25,0.38,4.0,3.75,3.0,3.0,2.88,3.38,2.88,2.38,2.62,3.0,1.0,1.62,2.75,3380.0
51-9022,2.88,2.88,2.62,2.38,1.75,0.38,2.88,2.25,2.0,2.88,2.25,2.5,2.0,2.0,2.0,2.12,2.5,0.75,1.25,2.25,0.12,0.25,3.12,3.0,2.75,2.75,2.62,2.88,2.5,1.88,1.88,2.62,0.62,0.88,2.0,-150.0
51-9023,2.88,2.88,2.75,2.5,2.12,2.0,2.88,2.88,2.5,3.0,2.75,2.75,2.12,2.12,2.75,2.12,2.75,0.25,0.25,2.12,0.0,1.0,3.5,3.5,3.12,2.88,2.75,3.0,2.75,2.5,2.0,2.88,1.0,1.12,2.38,2670.0
51-9031,2.62,2.88,2.12,2.12,1.12,0.0,2.12,2.0,1.62,2.62,2.75,2.25,2.0,2.0,2.0,2.12,2.12,0.25,0.0,0.12,0.0,0.0,2.12,2.0,0.12,1.25,0.0,2.0,2.5,1.25,1.25,2.62,0.25,0.5,2.0,-5850.0
51-9032,2.88,2.75,2.0,2.5,2.12,0.5,2.88,2.0,1.88,3.12,2.5,3.0,1.62,1.62,2.12,1.75,2.75,0.62,0.75,2.12,0.75,1.0,3.62,3.5,3.0,3.0,2.75,3.75,2.62,2.12,2.0,2.38,0.75,1.12,2.0,-4610.0
51-9041,2.75,2.75,2.38,2.38,2.0,0.75,2.75,2.12,2.0,3.12,2.12,2.25,1.75,1.5,2.38,1.75,2.75,1.0,0.88,2.12,1.5,0.25,3.75,3.62,2.62,2.88,2.62,3.12,2.25,2.12,1.62,2.25,0.62,0.88,1.75,4360.0
51-9051,3.0,3.12,2.62,3.0,2.0,1.12,3.0,2.38,1.5,3.12,2.12,2.5,1.5,1.88,2.12,1.75,2.62,0.62,0.38,0.88,0.0,0.25,3.5,3.25,1.5,2.0,1.0,2.75,2.12,1.25,1.25,2.12,0.25,0.38,2.0,-1620.0
51-9071,2.91,2.875,2.63,2.81,2.7199999999999998,0.685,3.0300000000000002,2.6550000000000002,2.12,2.81,2.4050000000000002,2.315,2.815,2.2199999999999998,2.065,2.75,2.75,2.5,1.44,2.25,0.095,0.03,2.5300000000000002,2.3449999999999998,1.345,1.845,1.44,3.375,3.065,1.72,1.815,2.505,1.94,1.97,2.0300000000000002,390.0
51-9081,3.12,3.0,2.88,3.0,2.12,1.12,3.12,3.0,3.0,3.0,2.25,2.62,2.0,1.88,2.75,2.12,2.75,1.88,1.75,2.25,0.0,0.12,2.75,2.62,1.38,2.0,1.88,3.25,2.5,2.0,2.0,3.0,0.88,1.88,2.12,-860.0
51-9082,3.62,3.62,3.0,3.12,2.88,1.62,3.5,3.0,2.88,3.12,3.0,3.0,2.38,2.12,3.12,3.0,3.0,2.25,2.38,2.62,0.88,0.38,3.0,2.75,3.0,3.12,3.0,3.75,3.12,3.0,2.5,3.12,1.38,2.12,2.12,840.0
51-9083,2.88,2.88,2.62,2.62,2.25,0.88,2.88,2.5,2.38,2.88,2.5,2.5,2.0,1.62,2.25,2.62,2.5,1.25,1.0,2.5,0.0,0.75,2.88,3.12,2.0,2.12,2.5,3.38,2.62,2.0,1.62,2.75,0.88,0.75,2.0,1540.0
51-9111,2.88,2.75,2.25,2.25,2.0,0.0,2.25,2.12,2.25,2.88,2.62,3.0,2.12,2.0,2.25,2.12,2.12,0.0,0.38,1.75,0.0,0.12,3.25,2.88,2.62,2.62,2.25,2.62,2.12,2.0,2.0,2.38,0.25,0.25,2.25,8780.0
51-9123,2.25,2.25,1.88,2.5,1.12,0.0,2.62,2.0,2.0,2.62,2.75,2.62,2.0,1.88,1.75,2.12,2.0,0.62,0.5,1.25,0.0,0.0,2.25,1.0,0.88,1.75,0.5,2.12,2.25,1.12,1.12,2.38,0.62,0.75,2.12,-3850.0
51-9141,3.38,2.88,2.62,2.88,1.75,1.25,2.88,2.25,2.0,3.0,2.75,2.62,2.12,1.88,2.25,2.0,2.75,1.62,1.0,2.12,0.5,0.75,3.5,2.88,2.88,2.75,2.62,3.38,2.88,1.88,1.38,2.75,0.5,0.88,1.75,4100.0
51-9151,3.25,3.38,2.88,3.0,2.25,1.0,3.12,2.88,2.88,3.25,3.0,2.88,2.75,2.62,2.75,3.0,2.75,1.25,1.5,2.62,0.62,1.62,3.12,2.88,2.5,2.5,2.25,2.75,2.75,2.75,2.75,2.88,1.75,1.88,2.12,-16860.0
51-9191,2.5,2.75,2.25,2.62,2.38,0.5,2.75,2.38,2.12,3.12,2.38,3.0,1.88,1.62,2.38,2.0,2.5,0.75,0.25,2.12,0.12,0.62,4.0,3.75,3.12,3.0,2.88,3.5,2.5,2.62,1.88,2.88,0.75,1.25,1.75,-4320.0
51-9192,2.25,2.38,2.38,2.25,1.12,0.62,2.12,2.12,2.12,3.0,2.12,2.12,2.0,2.0,2.0,2.0,2.12,0.38,0.0,1.25,0.0,0.12,2.88,3.0,1.75,2.12,1.12,2.25,2.12,1.5,1.88,2.5,0.25,0.38,2.0,-950.0
51-9193,3.0,3.0,2.88,2.88,2.38,0.88,3.25,3.12,2.38,3.38,2.38,2.88,2.0,2.0,2.75,2.12,3.0,1.5,0.62,2.75,0.5,0.75,3.88,3.62,3.0,3.12,3.0,3.12,3.0,2.25,2.38,3.0,1.25,1.62,2.5,670.0
51-9194,2.88,3.0,2.25,2.62,1.75,0.25,3.12,2.25,2.0,2.88,2.25,2.12,2.0,1.75,2.12,2.12,2.25,1.62,1.5,2.25,0.0,0.62,3.0,2.88,2.12,2.38,1.38,2.88,2.62,1.62,1.12,2.75,1.0,0.88,2.0,1680.0
51-9195,2.94,2.88,2.435,2.685,1.935,0.5,2.94,2.31,2.315,2.94,2.62,2.5,2.0,1.75,2.315,1.875,2.565,1.75,0.75,2.0,0.06,0.25,3.06,2.88,1.88,2.06,1.75,2.69,2.62,1.815,1.685,2.5,0.685,1.62,2.0,10280.0
51-9196,2.25,2.75,2.12,2.75,2.0,0.0,2.88,2.25,2.12,3.0,2.5,2.62,2.12,2.12,2.12,2.12,2.38,1.75,0.88,2.25,0.62,0.0,3.12,3.0,2.75,2.62,2.25,2.75,2.25,2.5,2.25,2.62,0.75,1.0,2.0,8120.0
51-9197,2.12,2.62,1.75,2.25,1.12,0.0,2.5,1.75,1.88,2.88,2.0,2.0,1.38,1.25,1.88,1.75,2.0,0.38,0.62,1.12,0.12,0.25,3.38,3.12,1.12,2.0,1.0,2.12,2.0,1.12,0.88,2.25,0.5,0.62,1.5,3110.0
53-2011,4.12,4.25,3.25,3.75,3.5,2.75,4.12,4.12,3.12,4.25,3.25,3.75,2.62,2.62,4.0,2.88,3.62,2.0,0.62,0.0,0.0,0.5,4.88,5.62,1.25,3.12,0.12,3.0,4.25,3.25,3.25,3.88,1.0,1.75,3.12,8760.0
53-2012,4.0,3.88,3.12,3.62,2.62,3.0,4.0,4.0,3.38,4.0,3.0,3.62,3.0,2.62,3.62,2.88,3.62,1.5,0.5,0.25,0.0,0.75,4.38,5.25,0.75,2.62,0.5,2.38,3.75,3.0,2.75,3.12,0.75,1.12,3.25,-340.0
53-2021,4.0,4.0,3.12,3.88,3.0,1.5,4.12,3.75,3.38,4.25,3.25,4.0,2.88,2.25,3.38,3.38,4.5,2.88,0.75,0.25,0.0,0.75,3.12,2.38,0.25,1.88,0.12,2.62,4.12,3.25,3.25,3.5,0.75,0.88,2.75,-770.0
53-2022,4.0,4.0,3.25,3.88,2.12,0.75,3.88,3.25,3.12,4.12,3.0,4.0,2.88,3.0,3.12,3.0,3.25,2.75,0.88,0.25,0.0,0.38,2.88,2.75,0.0,1.12,0.0,2.38,3.25,3.0,3.12,3.0,0.75,1.75,3.0,3630.0
53-3011,3.12,3.12,2.88,3.0,1.62,0.62,3.0,3.0,2.12,2.88,3.12,3.0,2.62,2.62,3.0,3.12,2.75,1.25,0.5,1.0,0.0,0.12,2.62,2.88,1.62,1.5,1.25,1.12,2.88,2.0,1.75,2.62,0.5,1.25,1.88,-4610.0
53-4011,3.5,3.25,2.88,3.0,2.62,0.38,3.12,3.0,3.0,3.75,2.62,3.0,1.75,1.75,2.62,1.88,3.0,1.12,0.25,0.75,0.0,0.0,4.0,4.12,1.38,2.62,1.38,3.0,3.0,2.25,2.12,2.75,0.88,0.88,2.5,-2950.0
53-4013,3.12,3.0,2.5,3.12,2.0,0.5,3.0,2.75,2.5,3.12,2.12,3.25,1.75,1.75,2.88,2.0,3.12,0.38,0.25,2.0,0.88,0.25,3.62,3.62,2.62,3.0,3.0,3.0,2.88,2.12,2.25,3.0,0.75,0.88,2.38,1500.0
53-4031,3.25,3.12,2.88,3.12,2.62,0.5,3.62,3.0,2.75,4.0,3.0,3.88,3.0,2.12,3.0,2.62,3.38,1.62,0.38,0.0,0.0,0.5,3.12,3.12,0.12,2.12,0.0,3.0,3.0,3.0,3.0,3.5,0.75,0.88,3.5,2810.0
53-4041,3.12,3.0,2.5,2.75,2.0,0.0,3.25,3.0,2.62,3.12,2.88,2.38,2.12,2.12,2.5,2.88,2.88,0.88,0.0,1.75,0.0,0.0,3.75,3.88,2.12,2.12,2.12,2.0,2.88,1.12,2.0,3.0,1.62,1.0,2.0,-570.0
53-5011,3.12,3.0,2.88,3.0,2.12,1.0,3.0,2.88,2.62,3.12,2.88,3.0,2.62,2.5,3.0,2.88,2.88,0.5,1.38,2.5,0.0,0.0,3.75,3.5,3.0,3.12,3.12,3.12,3.0,2.25,2.25,3.0,1.12,1.5,2.75,3650.0
53-5021,3.63,3.58,3.12,3.42,2.63,1.46,3.63,3.29,2.92,3.67,3.0,3.54,2.75,2.59,3.21,2.79,3.21,1.75,0.79,1.54,0.0,0.58,3.75,4.08,2.29,2.88,2.29,2.79,3.5,2.75,2.67,3.33,1.67,2.0,3.33,2680.0
53-5022,2.75,2.75,2.62,2.88,2.0,1.38,3.38,2.75,2.75,3.38,2.88,3.12,2.25,2.38,2.75,2.88,3.0,1.25,1.12,2.5,0.0,0.0,3.5,3.75,2.75,2.62,2.75,3.0,3.12,2.12,2.12,2.88,1.12,1.25,2.88,-1940.0
53-5031,3.38,3.5,2.88,3.12,2.38,2.5,3.75,3.12,2.62,3.62,2.75,3.38,2.12,2.0,3.12,2.62,3.38,1.25,0.75,3.0,2.12,0.75,3.75,3.62,3.62,3.75,3.75,3.25,3.25,3.0,2.88,3.38,0.88,1.5,3.25,-1650.0
53-6011,2.38,2.75,2.88,2.88,1.88,0.25,3.0,2.12,2.12,3.0,2.25,3.0,2.25,2.12,2.62,2.62,2.75,0.12,0.12,0.75,0.0,0.12,3.0,3.0,1.38,2.0,1.25,2.25,2.62,1.0,1.5,2.62,0.0,0.12,2.12,-130.0
53-6021,1.88,2.75,2.0,2.38,2.25,0.0,2.75,1.75,2.0,2.38,2.38,2.25,1.75,2.0,2.0,2.5,2.12,0.25,0.0,0.25,0.0,0.0,1.88,2.0,0.88,0.88,0.25,1.25,2.38,1.62,1.75,2.0,0.75,0.75,1.75,10950.0
53-6031,2.5,2.75,2.38,2.5,1.88,0.38,2.88,2.0,2.0,2.38,2.25,2.62,2.25,2.12,2.0,3.0,2.25,0.25,0.62,2.0,1.38,0.12,2.12,2.62,2.5,2.25,2.88,2.25,2.12,2.0,2.12,2.38,1.12,1.12,2.0,12920.0
53-6041,4.0,3.62,3.25,3.38,3.12,2.88,3.5,3.12,2.88,3.12,3.0,3.0,2.88,2.88,2.88,2.88,3.62,3.38,1.38,1.25,0.12,1.25,2.75,2.75,1.0,2.0,1.0,2.5,3.12,3.5,3.25,3.12,1.12,1.12,2.88,980.0
53-6051,3.38,3.25,3.25,3.38,2.38,2.38,3.25,2.88,2.5,3.25,3.0,3.0,2.38,2.12,2.75,2.62,3.0,1.75,0.75,2.0,0.0,0.38,3.12,3.0,2.88,2.88,2.62,3.25,3.25,2.5,2.12,3.12,0.75,0.88,2.88,5670.0
53-6061,2.88,3.25,2.38,2.88,1.38,0.0,3.25,2.5,1.5,3.25,3.12,3.0,2.75,2.12,2.25,3.75,2.38,0.38,0.38,0.0,0.0,0.38,2.38,1.75,0.0,1.62,0.0,2.0,2.25,1.5,1.75,2.38,0.38,0.38,2.0,11820.0
53-7011,2.88,3.0,2.75,2.88,1.88,1.5,2.88,2.62,2.0,3.12,2.62,2.88,2.12,2.12,2.75,2.25,2.75,1.75,1.0,1.88,0.0,0.25,4.0,3.88,2.62,2.75,2.5,2.62,2.75,2.62,2.5,2.88,0.38,1.12,2.5,-14780.0
53-7021,3.0,3.0,2.38,2.88,2.12,0.12,3.0,2.38,2.25,3.0,2.0,3.0,2.0,2.0,2.25,2.0,2.25,1.12,0.38,2.0,0.88,0.0,3.25,3.5,2.88,3.0,2.75,2.88,2.62,1.12,2.0,2.88,0.62,0.62,2.25,940.0
53-7031,2.38,2.38,2.0,2.25,1.88,0.5,2.75,2.12,2.5,2.88,2.38,3.12,2.0,1.88,2.62,1.88,2.5,1.0,0.88,2.5,0.0,0.0,3.62,3.25,2.38,2.62,2.38,2.75,2.62,1.88,2.0,2.38,1.25,1.38,2.88,-350.0
53-7041,2.38,2.38,2.25,2.25,1.88,0.5,2.62,2.12,2.5,2.62,2.25,3.38,2.25,2.12,2.5,2.25,2.38,1.12,0.0,2.5,0.12,0.0,3.0,2.88,2.5,2.38,2.75,2.5,2.5,1.75,1.62,2.75,1.12,1.12,2.5,1960.0
53-7071,3.12,3.0,2.88,3.0,2.12,1.25,3.0,2.38,2.38,3.0,2.38,2.88,2.12,2.12,2.25,2.12,3.0,0.0,1.12,2.12,0.0,0.5,3.88,3.75,3.12,3.12,3.0,3.0,2.75,2.38,2.12,2.75,0.75,1.25,2.12,-1260.0
53-7072,3.0,3.0,2.75,2.88,2.62,1.38,3.12,2.88,2.25,3.38,2.25,3.0,2.12,2.12,2.62,2.12,2.88,1.0,0.88,2.12,0.12,0.75,3.75,3.25,2.75,2.88,2.75,2.75,3.0,2.12,2.12,2.88,1.12,1.75,2.25,-2170.0
53-7073,2.88,2.75,2.12,3.0,1.62,0.12,3.0,2.12,1.38,3.25,2.12,2.38,1.25,1.0,2.0,1.25,2.88,0.38,0.5,2.12,0.25,0.25,3.88,3.88,3.25,3.0,3.75,2.5,2.88,1.38,1.38,2.75,0.38,0.88,2.0,250.0
53-7081,2.38,2.62,2.38,2.25,0.5,0.0,3.0,2.0,0.88,2.25,2.25,2.75,2.12,2.12,2.0,2.0,2.12,0.5,0.12,1.38,0.0,0.0,2.88,2.88,2.12,2.12,2.12,2.25,2.12,2.0,1.88,2.75,0.25,0.38,2.0,6160.0
53-7121,3.12,3.0,2.75,2.88,2.12,0.75,2.88,2.75,2.38,3.12,2.12,2.88,2.12,2.12,2.62,2.12,2.88,0.0,0.75,2.38,0.0,0.38,3.38,3.25,2.0,2.5,2.25,2.88,2.88,2.62,2.12,2.88,1.12,1.88,2.75,-870.0
